timestamp,video_id,title,publishedAt,channelId,channelTitle,categoryId,trending_date,tags,view_count,likes,dislikes,comment_count,thumbnail_link,comments_disabled,ratings_disabled,description
23-12-2019 21:58,"uR8Mrt1IpXg","Red Velvet 레드벨벳 'Psycho' MV","2019-12-23T09:00:11.000Z","UCEf_Bc-KVd7onSeifS3py9g","SMTOWN","10","19.23.12","레드벨벳|Red Velvet|IRENE|SEULGI|WENDY|JOY|YERI|PSYCHO|아이린|슬기|웬디|조이|사이코|싸이코|피날레|리브페스티벌|The ReVe Festival|RVF|Finale|MV|music video|뮤직비디오","6794862","1154305","11445","157513","https://i.ytimg.com/vi/uR8Mrt1IpXg/default.jpg","False","False","Red Velvet's 'The ReVe Festival' Finale is out!Listen and download on your favorite platform: https://smarturl.it/RV_Finale[Tracklist]01 Psycho02 In & Out03 Remember Forever04 눈 맞추고, 손 맞대고 (Eyes Locked, Hands Locked)05 Ladies Night06 Jumpin'07 Love Is The Way08 카풀 (Carpool)09 음파음파 (Umpah Umpah)10 LP11 안녕, 여름 (Parade)12 친구가 아냐 (Bing Bing)13 Milkshake14 Sunny Side Up!15 짐살라빔 (Zimzalabim)16 La Rouge (Special Track)Red Velvet Officialhttp://redvelvet.smtown.comhttp://www.youtube.com/redvelvet http://www.facebook.com/RedVelvethttps://www.instagram.com/redvelvet.smtownhttps://twitter.com/RVsmtown#RedVelvet #Psycho #레드벨벳 #RVF #TheReVeFestival #FinaleRed Velvet 레드벨벳 'Psycho' MV ℗ SM Entertainment"
23-12-2019 21:58,"kDvNvJ9iRLA","하.. 편집자가 선을 넘네요 ..","2019-12-22T10:36:30.000Z","UCMVC92EOs9yDJG5JS-CMesQ","양팡 YangPang","23","19.23.12","양팡|양팡유튜브|팡튜브|가족시트콤|양팡가족|양팡가족시트콤|양팡언니|현실남매|현실자매|짬식이|브이로그|VLog|먹방|부산|부산유튜버","906420","20227","998","1851","https://i.ytimg.com/vi/kDvNvJ9iRLA/default.jpg","False","False","구독하기 : https://goo.gl/4JUQn2스폰문의 : eunz1nara@gmail.com무삭제 풀버전 채널 : https://goo.gl/NjeAzk- http://bit.ly/yangpang : 양팡 아프리카TV 개인방송국- http://bit.ly/pangtube : 양팡 YouTube 채널- http://bit.ly/pangstargram : 양팡 공식 인스타그램- http://bit.ly/pangsbook : 양팡 공식 페이스북좋아요 구독 많이 부탁드립니다업로드 시간은 랜덤입니다!"
23-12-2019 21:58,"n5_ciLUoykY","[Ep.76] 나 홀로 소품실에","2019-12-23T07:00:07.000Z","UCtckgmUcpzqGnzcs7xEqMzQ","자이언트 펭TV","15","19.23.12","[none]","642379","38237","209","7407","https://i.ytimg.com/vi/n5_ciLUoykY/default.jpg","False","False","크리스마스를 맞아 파티를 하려는 펭수, 하지만 올 수 있는 사람이 아무도 없어서 결국 혼자 하게 되는데...==========================================[MUSIC INFO]1. Somewhere In My Memory (Voice)_John Williams_나홀로집에 OST2. Rabbit Step_박세준, 우지훈_초면에 사랑합니다 OST3. Odd Neighbor_로맨티스코_이번 생은 처음이라 OST4. 편지_김광진 5. White Christmas(Voice)_John Williams_나홀로집에 OST6. I Feel Good (I Got You)_James Brown7. Scammed By A Kindergartner (Inst.)_John Williams_나홀로집에 OST8. Jingle Bells (feat  The Puppini Sisters)_Michael Buble9. 그녀의 작은손 (Her small caring hands)_엄기엽, 이영주_쌉니다 천리마마트 OST10. Let It Snow (feat  스윗소로우)_성시경11. Winter Wonderland_새벽공방12. We Wish You A Merry Christmas_ John Williams_나홀로집에 OST13. Olympic Fanfare and Theme_John Williams"
23-12-2019 21:58,"5PFK10lp7rk","[12月의 무도] 영화같은 일이 여기서는 실제로 일어난다.  극한알바 2 infinite challenge","2019-12-22T09:30:13.000Z","UChY4PXxJI0aJYsGT1X6INWA","옛능 : MBC 옛날 예능 다시보기","24","19.23.12","MBC|유재석|마봉춘|다시보기|VOD|FULL|웃긴|코미디|무한도전|무도|무도레전드|추억|옛날|고전|예능|드라마|예전|90년대|클래식|레전드|명작|주말|엠비씨|재방|무리한 도전|무모한 도전|무한도전 레전드|정준하|박명수|정형돈|하하|노홍철|길|전진|광희|조세호|양세형|김태호|시즌2|오분순삭|놀면뭐하니|런닝맨|5분|특집|마지막회|1회|막방|infinite challenge|running man|극한알바|차승원|탄광|태백|삼시세끼|광부","316384","2860","168","621","https://i.ytimg.com/vi/5PFK10lp7rk/default.jpg","False","False","[무도의 12월은 어땠을까?]탄광에 온 재석와 특별게스트 승원!아무것도 모르고 아직까지는 해맑은 둘 드디어 탄공에 입성하는데시간 멈춘거 아니죠..? 시계가 고장났나 ?엄청난 어둠 속에서 일하는 둘 극한 노동 후 점심도 꿀맛.....정말 현업 분들 진심으로 존경합니다....방영일자 : 20141206무한도전 1화부터 FULL버전 다시 보기 (2006년 5월 6일~2018년 3월 31일) → ▶ WAVVE : https://m.wavve.com/player/vod?conten...▶ iMBC : http://m.imbc.com/Vod/VodPlay?progCod...#무한도전 #무도 #무한도전레전드 #유재석 #박명수 #김태호 #노홍철"
23-12-2019 21:58,"sJRGfopwk-A","24시간동안 한식 VS 양식!! 정말 한식이 더 맛있을까?!","2019-12-22T09:00:16.000Z","UClzB2iZ5jPoTNz0S-QU6Wiw","파뿌리","24","19.23.12","파뿌리|강호이|진렬이|노랭이|예능|옥탑방|반지하|지하|땅굴|벙커|굽네 시카고피자|파티|연말 파티","852426","14528","667","3668","https://i.ytimg.com/vi/sJRGfopwk-A/default.jpg","False","False","※ 노랭이 PD : 같이 먹으면 더 맛있음※ 강호이 : 근데 나 한복 잘 어울리지 않음?※ 진렬이 : 넥타이 좀 매줘.......시청자들과 깊은 소통을 지향하는 버라이어티 채널 파뿌리입니다! 채널 구독하셔서 강호이, 진렬이, 그리고 노랭이PD의 유쾌한 매력에 빠져보세요!!재밌게 보셨다면 좋아요 구독 댓글 쌈박하게 날려주시구요오!~★파뿌리와 더욱 가깝게 소통하기! (MEET POPFREE)★[페이스북] 미방영분, 자잘한 일상영상 : https://www.facebook.com/POPFREE1992/[인스타그램] 콘텐츠 예고편, 스틸컷, 자잘한 일상사진 : 개업 준비중!(Coming soon!)[트위터] 트위터로는 뭘 하면 좋을까? : 개업 준비중!(Coming soon!)[이메일] 콘텐츠요청, 팬 아트, 보내주고픈 말들 : popfree@sandboxnetwork.net[팬사서함] 굳이 보내주시겠다면 사양하지 않겠어..! 흐흐 서울특별시 강남구 테헤란로 518 15층 샌드박스 네트워크 받는 사람명 - 파뿌리※이 영상은 굽네의 지원을 받아 제작되었습니다"
23-12-2019 21:58,"on6CRZtclGk","8000만 달러의 남자 류현진! 새로운 도전이 그를 기다린다! | DKTV","2019-12-23T06:33:59.000Z","UCZeHMSqeusVpF1hBOtnxIoA","DKTV Daniel","17","19.23.12","dktv|류현진|류현진 토론토|토론토|토론토 블루제이스|류현진 계약|류현진 연봉|보라스|대니얼김","148759","3282","125","577","https://i.ytimg.com/vi/on6CRZtclGk/default.jpg","False","False","토론토 블루제이스와 4년 총액 8,000만 달러에 계약을 맺은 류현진! 토론토 블루제이스가 그에게 좋은 팀인 이유는 무엇인가? 그는 아메리칸리그 동부지구에서 에이스다운 모습을 보여줄 수 있을까?danielkimww@gmail.com  #류현진 #토론토블루제이스 #dktv"
23-12-2019 21:58,"yrNI472_6PE","[#도깨비] 도깨비 11화 10분 만에 몰아보기(써니에게 정체를 들킨 저승이 이동욱과 보스몹, 파국 박중헌의 등장) | #다시보는도깨비 | #Diggle","2019-12-22T15:00:11.000Z","UCsRIHt5FkbGc6cQtCxt-ufA","tvN D ENT","24","19.23.12","도깨비|디글|diggle|도깨비 공유|공유|공유 김고은|도깨비 다시보기|Goblin|The goblin|Gongyoo|lee dong wook|Yoo In Na|김신|김고은|이동욱|저승사자|도깨비 이동욱|유인나|이동욱 유인나|피치커플|tvN|지은탁|써니|육성재|드라마 도깨비|사랑의 물리학|유덕화|도깨비 1화|도깨비 2화|도깨비 결말|저승이|도깨비OST|크러쉬|에일리|도깨비 명장면|도깨비 메이킹|공유 이동욱|DOKEBI|삼신할매|호텔델루나|이엘|정해인|82년생 김지영|도깨비 써니|유인나 이동욱|진심이 닿다|유인나 써니|도깨비 비서|염혜란|토크가 하고 싶어서|이동욱 공유|조물주픽|drama marathon|dokebi marathon|김병철|박중헌|파국이다","215394","0","0","221","https://i.ytimg.com/vi/yrNI472_6PE/default.jpg","False","True","#다시보는도깨비 #Diggle도깨비 11화 10분 만에 몰아보기(써니에게 정체를 들킨 저승이 이동욱과 보스몹, 파국 박중헌의 등장)더 많은꿀잼 영상은? ▶ tvN D CLASSIC : https://bit.ly/2KT666f"
23-12-2019 21:58,"3LgQmPUK_Ik","집결하는 美 함대! 金 떨고 있나?","2019-12-22T19:30:02.000Z","UCbgqDFODvh-q38ouzoKKkVA","신인균의 국방TV","25","19.23.12","신인균|신인균의 국방TV|신인균의 군사TV|신인균TV|신인균의 안보TV|알기쉬운무기백과|데일리디펜스|디펜스브리핑|역사를 바꾼 무기|알무백|중앙군사위원회|전원회의|Fight Tonight|SM-3|MD|미사일방어|요격|하워드로렌젠|7함대|항공모함|인도태평양전략|태평양사령부|코피작전|Fire & Fury|화염과 분노|이지스함|컴뱃샌트|리벳조인트|코브라볼|RC-13S|RC-135U|RC-135W|EP-3|U-2|MQ-4|MQ-1|MQ-9|글로벌호크|크리스마스선물|ICBM|SLBM|다탄두","303135","25281","848","711","https://i.ytimg.com/vi/3LgQmPUK_Ik/default.jpg","False","False","설명"
23-12-2019 21:58,"cwccvYsWaGg","갑각류에 미친남자 코코넛크랩 잡아먹기","2019-12-22T13:23:11.000Z","UC5oft5dVf43M2cFmhpJLVGQ","애주가TV참PD","26","19.23.12","먹방|술먹방|Mukbang|애주가|참피디|혼술|술안주","553173","7187","228","1014","https://i.ytimg.com/vi/cwccvYsWaGg/default.jpg","False","False","사이판 로타섬에서 직접 잡아먹은 코코넛크랩!!#코코넛크랩#참또갑#로타섬#애주가티비 #술안주광고나 협찬은 영상에 모두 표시하고 있으며,광고 협찬표시가 없는 리뷰는 모두 사비로 구매하여 솔직하게리뷰하는 것입니다.참피디의 진심https://youtu.be/zTCdwBHEk2U참피디 Q&Ahttps://youtu.be/9-HH0ThE58c광고 섭외 문의(답변을 못드려도 양해부탁드립니다.) MAIL - ilovechampd@gmail.com INSTAGRAM - ilovechampd해당 영상의 저작권은 CJ E&M DIA TV에 귀속되어 있으며 해당영상을 영리목적으로 사용시 제재를 받을 수 있습니다. 또한 비영리목적으로 사용시 반드시 출처를 남겨주시기 바랍니다"
23-12-2019 21:58,"-1haggE-1jw","레전드 사이다썰 모음집 #4  ㅣ호돌이 영상툰","2019-12-22T02:45:01.000Z","UCHj3qb7u4WUfUrjlOJtPdKA","호돌이 영상툰","1","19.23.12","[none]","201454","2961","158","581","https://i.ytimg.com/vi/-1haggE-1jw/default.jpg","False","False","▲ 배경음악: Track : 강아지같아Music by 브금대통령 Music provided by 브금대통령Watch : https://youtu.be/tPxR7npln9wTrack : Walk on EggshellsMusic by 브금대통령 Music provided by 브금대통령Watch : https://youtu.be/aMNIjg7xSl4Track : 조별과제Music by 브금대통령 Music provided by 브금대통령Watch : https://youtu.be/wLuWmPrJkSkTrack : What Does It Taste Like?Music by 브금대통령 Music provided by 브금대통령Watch : https://youtu.be/vKQtAquFsUkTrack : 장난감전쟁Music by 브금대통령 Music provided by 브금대통령Watch : https://youtu.be/Fghad8y86rITrack : Go with soft stepsMusic by 브금대통령 Music provided by 브금대통령Watch : https://youtu.be/xPkMTat8JyQTrack : Shy little girlMusic by 브금대통령 Music provided by 브금대통령Watch : https://youtu.be/xPpVj-k42WcTrack : 뒤뚱뒤뚱Music by 브금대통령 Music provided by 브금대통령Watch : https://youtu.be/X_88SH4Z_CQTrack : 웃기고있네Music by 브금대통령 Music provided by 브금대통령Watch : https://youtu.be/aY7VLF71pNMTrack : 댕청댕청Music by 브금대통령Music provided by 브금대통령Watch : https://www.youtube.com/watch?v=5qEI_xTPa-QTrack : 슈퍼댕댕이Music by 브금대통령Music provided by 브금대통령Watch : https://youtu.be/Pa_T_jWPs-MTrack : 우아한 나의산책Music by 브금대통령 Music provided by 브금대통령Watch : https://youtu.be/i-SqEknyz1Y"
23-12-2019 21:58,"3gLBS43tRkc","카피추의 크리스마스 캐롤 플레이리스트 | 고요한밤 나타난 너,실버벨과 뻥튀기 사이,창안밖을 다봐라, 겨울바람=감기,찡그리다 안찡그린다,기쁘다 구독자 오셨네,루돌프 사슴코의 비밀","2019-12-23T08:00:00.000Z","UCrMrVPuEJHKY6H_iapB1B6A","카피추","23","19.23.12","카피추|크리스마스|캐롤|크리스마스 캐롤|유병재|창조의밤|표절제로|추대엽","208257","8405","84","808","https://i.ytimg.com/vi/3gLBS43tRkc/default.jpg","False","False","안녕하세요 카피춥니다^^ 요즘따라 눈도5구 산속에만이ㅆ는게 심심하더라고 그뭐냐 버스끼버스끼애덜은 봄만대면 하늘에서 돈떨어지는다는디 핸드박스넘들이 이제 겨을만디면 나도 그럴 거라고 하대 이러 ㄴ망할 이 거 손이 시렵다ㄱㅗ 말하는데 자꾸 시린가 뭔가하는넘이 뜨는거야 옘ㅂㅕㅇ할 어떠케반응할지모겠으면 나오지도마 시리놈아 건반 : 장예진 (Instagram : yyetsubyy)* 플레이리스트1. 고요한밤 나타난 너2. 실버벨과 뻥튀기 사이3. 창안밖을 다 봐라4. 겨울바람 = 감기5. 찡그리다 안 찡그린다6. 기쁘다 구독자 오셨네7. 루돌프 사슴코의 비밀"
23-12-2019 21:58,"a_kBAp_Cq68","흰살생선 초밥 개인 소장! 현감독 먹플갱어, 현동은! [사장님 귀는 당나귀 귀 , Boss Ears].20191208","2019-12-08T09:41:01.000Z","UCK1sVuXaDvJeNwl9noN5nOA","KBS Entertain","24","19.23.12","South|Korea|Entertainment|Funny|KBS|KBS1|KBS2","280495","1212","169","378","https://i.ytimg.com/vi/a_kBAp_Cq68/default.jpg","False","False","흰살생선 초밥 개인 소장! 현감독 먹플갱어, 현동은! [사장님 귀는 당나귀 귀 , Boss Ears].20191208"
23-12-2019 21:58,"2gq2P-dh1l8","손흥민 퇴장, 빡친 영국인들과 무리뉴 반응","2019-12-23T05:00:01.000Z","UCHpIHu4LzmNuD8bsE6mZLSA","영알남YAN","19","19.23.12","손흥민 퇴장|손흥민 태클|손흥민 반응|손흥민 무리뉴 반응|손흥민 축구|손흥민 응원가|토트넘 첼시|토트넘 무리뉴|토트넘 축구|무리뉴 토트넘|무리뉴 반응|무리뉴 전술|무리뉴 리액션|무리뉴 축구|프리미어리그 토트넘|프리미어리그 하이라이트|프리미어리그 손흥민|프리미어리그 경기|프리미어리그 명장면|프리미어리그 축구|프리미어리그 첼시|축구중계|축구 레전드|축구 명장면|축구 몸싸움|축구 명경기|영국축구|영국인","288575","2356","152","1469","https://i.ytimg.com/vi/2gq2P-dh1l8/default.jpg","False","False","전혀 예상하지 못했습니다. 실제 현장에서 많이 놀랐습니다. 현장 분위기를 최대한 생생하게 담아보려 노력하였습니다. 빨리 영상에서 확인하시죠!항상 감사합니다. 정말 열심히 하겠습니다."
23-12-2019 21:58,"veMu1ubSu3E","교실에 몰래 간식을 숨겨 들어가는 멋진 방법 ll 123 GO!가 소개하는 학교 생활 꿀팁과 장난","2019-12-22T01:45:02.000Z","UCU-7SdeUYlujznoTRHDttew","123 GO! Korean","24","19.23.12","DIY|만들기|공예|장난|장난치기|도전|도전하기|재밌는|웃긴|123GO!|123 go|123go|친구들|친근한|튜토리얼|어떻게|하는 법|마술|트릭DIY|크래프트|장난 치기|챌린지|재미있는|친구|친구와 함께|방법|꿀팁|휴가|여행|여행하기|재미|친한|하우투","162766","1292","408","168","https://i.ytimg.com/vi/veMu1ubSu3E/default.jpg","False","False","구독하기: http://bit.ly/31g55Yu무슨 일을 하든 간에, 허기는 언제든 찾아올 수 있어요. 기발한 꿀팁과 함께, 간식을 최대한 빨리 즐길 수 있는 방법을 보여드립니다. 비록 수업 중이라 하더라도요.이 기발한 학교 간식 꿀팁으로 꼬르륵 거리는 배를 달래 줄 준비가 됐나요? 그러면 학교 친구들과 이 팁을 공유해서 간식을 즐기세요!더 많은 멋진 비디오를 원하시면, 123 Go 유튜브 채널을 구독하는 걸 잊지 마세요. 맛있게 드세요, 친구들!#재미있는 #학교생활팁 #DIY음악 에피데믹 사운드/Epidemic Sound   https://www.epidemicsound.com/자료 출처:  https://www.depositphotos.com https://www.shutterstock.com"
23-12-2019 21:58,"DFRSMLGBfSE","[사랑과 전쟁] 기껏 망한 남자 구제해놨더니 쌩양아치 전부인이 다시 내놓으란다","2019-12-23T02:00:00.000Z","UC0EpedkBG2k7kd8UGJuYShQ","케미TV KemiTV","24","19.23.12","케미tv|케미티비|kemitv|막장드라마|사랑과전쟁|사랑과 전쟁|사랑전쟁|시즌3|사랑과전쟁 시즌3|사랑과 전쟁 시즌3|막장|kbs|복수|바람|커플|불륜|남친|여친|아내|남편|부부|부부클리닉|사랑|애증|유머|웃긴 싸움|시어머니|시집살이|시누이|미친|고부|친정|임신|이혼|사이다|고구마|빡침|정의구현|정의실현|정의|빡침주의|내로남불|현실|꿀잼|존잼|허니잼|대유잼|극대노|대노|사랑과전쟁레전드|kemitv사랑과전쟁|loveandwar|loveandwar2|본격실화|루씨|루시","187585","2204","84","385","https://i.ytimg.com/vi/DFRSMLGBfSE/default.jpg","False","False","#현실 은드라마보다더해#막장 의원조#사랑과전쟁시즌2 113화 새엄마 편※ 과한 욕설이 포함된 댓글논란을 조장하는 글은 임의로 삭제될 수 있습니다※※케미TV는 재업로드를 하지 않습니다※ ▶케미TV 구독하기 https://goo.gl/jbuLyt▶관련 재생목록 https://goo.gl/P8sK63◈케미TV 공식 사이트◈▶페이스북 https://www.facebook.com/kemitv/▶유튜브 https://goo.gl/rU7FXE"
23-12-2019 21:58,"3YJh6vd2h88","(아는 보살 형님) 개드립 속에서 피어나는 뜨거운 형제愛😍 + 우주 쪼꼬미 - '하얀 겨울'♬ (LIVE)  [무엇이든 물어보살]","2019-12-22T23:00:00.000Z","UCr0adenI5KeQFJkMIGjq5qw","KBS N","24","19.23.12","KBSN|서장훈|이수근|무엇이든물어보살|고민상담|점괘|보살|선녀보살|동자보살|KBSJoy","219338","2166","103","248","https://i.ytimg.com/vi/3YJh6vd2h88/default.jpg","False","False","락밴드를 꿈꾸는 우주★대스타 #김희철그에게 전하는 아는 보살 형님들의 뜨거운 조언과 #우주쪼꼬미 의 데뷔 무대까지!▶ 상담신청 : kbsbosal@naver.com▶ KBS Joy #무엇이든물어보살 매주 월요일 밤 9시 50분★▶ 클립 더 보기 : https://tv.naver.com/kbs.buddhist[KBS N]▶ 홈페이지 : http://www.kbsn.co.kr▶ 페이스북 : http://www.facebook.com/happykbsn▶ 인스타그램 : https://www.instagram.com/kbsn_official"
23-12-2019 21:58,"-1IMwEs5fAw","[19/20 PL 18R] 토트넘 vs 첼시 H/L","2019-12-22T19:18:02.000Z","UCtm_QoN2SIxwCE-59shX7Qg","SPOTV","17","19.23.12","SPOTV|스포티비|토트넘|첼시|손흥민|무리뉴|램파드|윌리안|가차니가|가사니가|알리|해리 케인|에이브러햄","825957","5169","371","5773","https://i.ytimg.com/vi/-1IMwEs5fAw/default.jpg","False","False","토트넘 vs 첼시 경기 하이라이트"
23-12-2019 21:58,"5M7BOQX5P6A","경기 중에 헬륨 축구공으로 바꾸면 과연 눈치 챌까?","2019-12-23T09:00:00.000Z","UC8valWz_8jFnX4tMGCeC62w","석꾸축꾸","17","19.23.12","축구","138836","1721","90","350","https://i.ytimg.com/vi/5M7BOQX5P6A/default.jpg","False","False","헬륨 축구공 몰카! 과연 축구하면서 눈치 챌 수 있을까?"
23-12-2019 21:58,"wU7ZeiC0-Bs","집들이 하고싶다길래 남의 집주소로 집들이 초대해버리기ㅋㅋㅋㅋ 개꿀잼 신개념집들이ㅋㅋㅋㅋㅋ","2019-12-23T09:35:08.000Z","UC69uMhRJcUnvMnMxKT2SS0w","(MUTUBE)와꾸대장봉준","23","19.23.12","봉준|김봉준|와꾸대장봉준|무튜브|아프리카|mutube|Bongjun|봉준 최군|최군|최군TV|봉준 합방|봉준 여캠|이채이|이채이 이모|봉준 이채이|이채이 오메킴|오메킴|돌돌채|BJ이채이|이채이 집들이|이채이 최군|봉준 집들이|몰래카메라|몰카|봉준 몰카","239805","2075","130","291","https://i.ytimg.com/vi/wU7ZeiC0-Bs/default.jpg","False","False","#봉준 #이채이 #최군 #집들이 #남의집 #원격집들이★구독+좋아요+알람 사랑합니다ㅇ0ㅇ★[클릭한번만..!  https://www.youtube.com/channel/UC69uMhRJcUnvMnMxKT2SS0w?sub_confirmation=1]"
23-12-2019 21:58,"PyyT5tHbOLw","Psycho","2019-12-23T08:48:52.000Z","UCHmZYTfdTyVKQEJicLiXEOg","Red Velvet - Topic","10","19.23.12","Red|Velvet|‘The|ReVe|Festival’|Finale|Psycho","121993","9941","44","444","https://i.ytimg.com/vi/PyyT5tHbOLw/default.jpg","False","False","Provided to YouTube by SM EntertainmentPsycho · Red Velvet‘The ReVe Festival’ Finale℗ SM EntertainmentReleased on: 2019-12-23Artist: Red VelvetAuto-generated by YouTube."
23-12-2019 21:58,"vSguQySBkz4","[12/23]우상호,황석하,이영채,배종찬,양지열│김어준의 뉴스공장","2019-12-23T00:11:29.000Z","UC5HSw5OY2vfVFSihpiB-AVQ","tbs 시민의방송","25","19.23.12","tbs|김어준|뉴스공장|석패율제|이중등록제|선거법|국회|비례정당|자유한국당|더불어민주당|바른미래당|아베|트럼프|문재인|정경심|조범동|우상호|류밀희","365694","28790","403","417","https://i.ytimg.com/vi/vSguQySBkz4/default.jpg","False","False","12월23일(월) 김어준의 뉴스공장 LIVE / tbsTV & FM◎ 1부[ 이 정도는 알아야 할 아침 뉴스 ]- 류밀희 기자 (tbs)[ 잠깐만 인터뷰 ] -전화연결벚꽃 스캔들에 이어, 카지노 비리로 아베 내각 분열 위기!- 이영채 교수 (일본 게이센여학원대)◎ 2부[ 인터뷰 제1공장 ] -전화연결주한미군, 부산항에 시험용 생화학물질 반입 인정!- 황석하 기자 (부산일보)[ 인터뷰 제2공장 ]선거법 쟁점 2탄 ‘석패율제 vs 이중등록제’ & 비례정당 실현 가능성은?- 박시영 대표 (윈지코리아)- 배종찬 연구소장 (인사이트 케이)◎ 3부[ 황야의 우나이퍼 ]석패율 대립에 비례한국당 변수까지…산으로 가는 선거개혁?- 우상호 의원 (더불어민주당)◎ 4부[ 인터뷰 제3공장 ]검찰-법원 전쟁터 된 정경심 재판 & 조범동 첫 재판, ‘기존 진술과 다른 내용 나왔다'- 양지열 (변호사)- 신장식 변호사 (금융정의연대 법률지원단장)- 장용진 기자 (아주경제 법조팀장)----------------------------------------------▶tbs 페이스북 https://www.facebook.com/mylovetbs/▶tbs 홈페이지 https://www.tbs.seoul.kr/▶네이버TV (김어준의 뉴스공장) http://tv.naver.com/newsfactory ▶tbs 커뮤니티 http://bit.ly/2EaWnQp"
23-12-2019 21:58,"9umFmeDVenI","시트콤 [세 친구] Three Friends 다훈의 여자들 한방에 정리하는 연홍ㅋㅋㅋ","2019-12-23T06:00:01.000Z","UCG5bAssl2H0wjLG4BEv5ScQ","옛드 : 옛날 드라마 [드라맛집]","24","19.23.12","MBC|드라마|연출|사극|시트콤|하이킥|로맨스|일일드라마|미니시리즈|주말연속극|drama|일일극|로코|드라마당|엠비씨|마봉춘|mbc|정웅인|윤다훈|박상면|이의정|안연홍|안문숙|박은혜|이동건|송창의|김용건","58839","633","39","209","https://i.ytimg.com/vi/9umFmeDVenI/default.jpg","False","False","Ep.51 방영일: 2001/02/26다훈이 그동안 만났던 여덟 명의 여자들을 한 자리에 모이게 해 과거를 정리하고 한 여자에게 정착하고 싶으니, 서로 정리해 끝까지 남아 있는 여자를 택하겠다고 하자 , 연홍은 엽기적인 방법으로 경쟁자들을 물리치고 최후의 승자가 된다.세 친구 FULL버전 다시보기  ▶ WAVVE로 go go!https://www.wavve.com/player/vod?contentid=M_1000396100055100000.1&onair=n&order=new&page=6&programid=M_1000396100000100000▶ imbc.com http://playvod.imbc.com/Vod/VodPlay?broadcastId=1000396100000100000#정웅인 #윤다훈 #박상면"
23-12-2019 21:58,"RmlBjUfFejM","35년간 계단에 갇혀 살았던 형사..!","2019-12-22T07:07:30.000Z","UCb_GEWOGkCTXawWZKDtALwg","9bul","1","19.23.12","구불","640101","6979","299","1041","https://i.ytimg.com/vi/RmlBjUfFejM/default.jpg","False","False","메일주소 9bul.contact@gmail.com 공식 페이스북 페이지https://www.facebook.com/9bulworld/인스타그램 https://www.instagram.com/p/Bdj76iwFvDX/다이렉트 메세지는 답장못드립니다 ㅠㅠ 메일로 연락주세요.구불의 자료실창고 https://www.youtube.com/channel/UCIy3Kio-7zHUW1gwXNxkEHg구불 일상 노래파괴채널 8bul https://www.youtube.com/channel/UC8Znh6JUKEVBJChrcuiFj7g-구불추천지수는 지극히 개인적 감상평입니다. 가볍게 참고만 해주세용-인시던트구불추천지수: 8/10병맛요소: 2/10참신함: 9/10한줄평: 매우 흥미로운 세계관을 담고있는 영화다. 평행우주의 세계관과 플라톤의 이데아에서 '그림자'를 재밌게 엮어냈다. 다만 어려운 해석이나 찝찝한 느낌을 싫어하는 사람들에게는 고통이 될 수도 있는 영화다. 감독이 연출을 뛰어나게 잘했지만 반대로 감독을 때려주고도 싶은 명작.  요청해주신분들:  폭서스, 이아무개, 오성현, 피융, 개와 늑대의시간, 알수없음, 불닭, 청하월, 대닝, 아테리안, 모모브, provocation Hon3st, ᄇᄉᄒ, 사람, 응응가가, 이명준, Cliffe Warden, 윤탁, Lake ent, Inkee Jang, 미친상어, S Kjær, 벩벩, 김하형, 텐텐, 옆집동생, 손만두,김동아, 대통령지대호, lux로라, 오늘은야시장 구텐탁? 영화보다 재밌는 병맛리뷰 구불입니다. 인시던트..! 무려 31분이나 요청해주셨습니다. 요청해주셔서 정말 감사드리고 연말 마무리 잘하셔서 쳇바퀴도는 내년이 아니라 올해를 추억할 수 있는 좋은 계획과 실천 하셨으면 좋겠습니다. 근데 인시던트.. 어우.. 요청해주신 이유가 있었네요.    영화가 엄청 신선했고...! 정말 음.. 해석하기가 어려운 영화네요.ㅎㅎ 그래도 개소리는 좀 하고가야겠죠? 자 이번에도 구불의 개소리 시간이 찾아왔습니다. 멍멍!일단 저는 7이라는 숫자를 주목했습니다. 계단의 그림을 보면 7이라는 숫자가 있고 다니엘의 방에서도 7이라는 숫자가 나와요. 이걸 괜히 넣은 건 아닌거 같고 아마 인시던트의 고리를 끊는 숫자가 아닐까 싶습니다. 그러니까 7번째에서 인시던트가 끊긴다는거죠. 영화에서 보여주는 인시던트의 순서를 보자면 기찻길, 호수, 도로, 계단, 호텔 복도, 에스컬레이터입니다. 이렇게 여섯개의 인시던트가 일어나는데 마지막 에스컬레이터의 할머니가 정말 중요한거 같습니다. 엘리베이터를 탄 올리버가 2번째 인시던트를 일으킬때 같이 휩쓸린  신부 누님이죠. 그럼 호텔 복도에서 35년을 살고 에스컬레이터로 넘어간건데.. 옷이 그대롭니다. 이건 에스컬레이터의 인시던트때 자신을 끝까지 기억하고 있다는 뜻이 아닐까 싶어요. 그리고 이 신부 누님은 사람을 죽여서 인시던트를 일으키도록 설정된 이 빨간 수첩대로 하지 않고 홀로 늙어갔던거 같습니다. 그리고 일곱번째, 빨간 수첩은 사라지고 햄스터를 어떤 아이가 가져가죠. 이게 인시던트의 고리가 끊기는 마지막이라고 생각됩니다. 근데 이 햄스터 이게 참 골치 아프네요. 몇 십년 동안 죽지도 않고 우리를 괴롭히는 그지같은 햄스터..! 햄스터를 키우는 사람은 다니엘과 인시던트를 끊은 신부 누님입니다. 그리고 이 신부 누님이 다니엘의 할머니에요. 마르코 안토니오 몰리나. 노인이 된 다니엘이 중얼거리는 자신의 이름이 이 누님, 할머니의 이름같아요. 이렇게 어린 다니엘의 비밀 상자에서도 할머니 사진을 보여줍니다. 할머니의 카드에는 인내심이라는 단어가 적혀있습니다. 할머니가 인시던트 세계에서 인내심을 가지고 버텼듯이 현실에서 다니엘의 할머니는 인내심을 중요한 미덕으로 삼으며 오래오래 행복하게 사셨을거라 추측이 됩니다.어 근데..! 할머니가 왜 뒤에 나오느냐..! 그건 잘 모르겠어요.ㅎㅎ 삑!아니 세상이 뒤집히고 시간이 뒤섞인대잖아.ㅋㅋ여튼 햄스터는 다니엘과 첫번째 35년, 새아버지와 두 번째 35년, 올리버와 두번째 35년을 함께합니다. 유일하게 할머니가 70년을 함께하죠. 어?.. 이래서 숫자 7을 적어놨나..? 어거지! 근데 맞아 떨어지지 않는 부분들이 많습니다. 저 같으면 계단을 7층으로 보여줬을텐데..9층계단이었어요. 그리고 계단의 벽의 그림과 다니엘의 동생이 그린 그림과 매우 유사합니다. 근데 아직도 이 연관성을 파악하지 못했어요 흑흑..여튼 햄스터가 영화를 풀어가는데 중요한 키가 될거 같은데.. 할머니의 햄스터를 어떤 어린이가 가져가죠. 근데 난 이 어린이가 다니엘 일거 같은거지..! 그래서 저는 다니엘이 또 인시던트를 일으킬거라고 생각합니다. 이전에 새아버지가 인시던트를 일으켰지만 다니엘도 인시던트를 일으킬 수 있다고 봐요. 누군가가 죽어야 인시던트가 일어나는데 죽은 다니엘의 동생 같은 경우 백프로 새아버지 때문에 죽었다고 할 수 없죠. 새 아버지가 천식치료기를 뿌시긴했지만 여분의 천식치료기를 깜빡하고 안 챙긴건 다니엘이었거든요. 그리고 할아버지 다니엘의 대사를 보면 도로의 인시던트 전에 자신에게도 경고가 있었다고 말합니다.  거기다가 하나의 인시던트때는 한명의 사람이 죽어야하는데..도로의 인시던트때는 다니엘의 동생과 다니엘의 엄마 둘이 죽죠.그래서 저는 다니엘의 인시던트와 새아버지의 인시던트가 겹쳤다라고 생각이 되네요. 새아버지가 도로에서 처음 인시던트를 일으켰다면 에스컬레이터에서 할머니에게 햄스터를 받은 다니엘이 도로에서 다시 인시던트를 일으킬 가능성이 높다고 생각합니다. 이렇게 생각한다면 에스컬레이터에서 도로로 또 연결되고 다니엘이 다시 계단으로 갔을수도 있을거 같아요. 그래서 까를로스형이 죽을 때 이런말을 했던거 같습니다. 그전에 이미 인시던트로 죽었는데 왜 또 인시던트가 일어나서 다시 죽느냐 이거죠. 그래서 에스컬레이터 인시던트의 뒷이야기가 있다면 다니엘이 햄스터를 물려받고 도로에서 또 인시던트를 일으킬 수도 있겠구나.. 그리고 이 계단이 9번째 인시던트가 아닐까.. 이런 상상을 해봅니다. 인시던트.. 뭔가 잡힐듯 하면서도 잡히질 않네요. 감독의 의도가 애초에 이걸 노렸을 수도 있고 제가 이해를 못하는 것일 수도 있겠지만 이렇게 각자 해석할 여지가 많아서 상상하는 재미가 큰 영화라고 생각합니다. 아마 많은 분들이 궁금해하시고 각자 의견이 있을텐데 댓글로 여러분의 생각 공유하는 시간이 되었으면 좋겠습니다. 정말 저는 머리가 복잡해서 터질거 같네요.ㅎㅎ이상! 해석을 하려다가 골치가 아파서 감독을 패주고 싶은 영화! 그럼에도 재밌고 신선한 35년간의 지옥! 인시던트였습니다.구린이들 구꾸까까?#인시던트 #해석 #너무어렵다"
23-12-2019 21:58,"ZC6RwG6Ktc4","(충격 반전) 8년째 멈추지 않는 딸꾹질로 고통받는 남자! 그 원인은..?┃Man Suffered 8 Years Due to His Non-Stop Hiccups","2019-12-22T04:00:02.000Z","UC0PsUG07plnP_uQQS9djFVQ","우와한 비디오 X SBS 세상에 이런일이","22","19.23.12","SBS|세상에이런일이|순간포착|순간포착 세상에 이런 일이|우와한비디오|역대급|놀라운 능력|놀라운 이야기|놀라운 사연|what on earth|wowvideo|how in the world|shook|amazing story|amazing human|talented human|amazing people|dope video|UC0PsUG07plnP_uQQS9djFVQ|딸꾹질|딸꾹질 원인|심리치료|스트레스|딸꾹질 멈추는 법|hiccup|미스터리|미스테리|mystery|기묘한 이야기|실제상황|충격사건|사건사고|기막힌 이야기|이상현상|surprise story|딸꾹질 치료","792204","7795","203","1305","https://i.ytimg.com/vi/ZC6RwG6Ktc4/default.jpg","False","False","*Please hit the CC button for subtitles*한번 시작되면 (딸꾹) 멈출 때까지 너무나 고통스러운 딸꾹질..! (딸꾹)그 괴로운 기분, 구독자님들도 다 아시죠? 흑흑그런데 무려! 8년째 멈추지 않는 딸꾹질로 고통받고 있다는 주인공이 나타났습니다.. (상상만 해도 끔찍..)탄산음료를 마시면 딸꾹질이 잠시나마 멈춰서 8년째 콜라,사이다에 의존해 산다는 아저씨.밥을 먹을 때도 나오는 딸꾹질 때문에 급하게 밥을 삼켜야 하고, 일하거나 잠을 잘 때도 딸꾹질이 멈추지 않아 고통이라고... 그간 딸꾹질을 멈추기 위해 시도한 방법도 수십 가지. 기본 민간요법은 물론 물구나무 서기, 식초 마시기, 억지로 구역질에 독한 술까지 마셔 봐도 딸꾹질은 멈출 줄 모르는데..(ㅠㅠ)대체 8년간 계속된 딸꾹질의 원인은 무엇일까요?그리고 과연 치료가 가능할까요?#우와한비디오 #세상에이런일이 #8년째딸꾹질────────────────────────────제보·문의 ☞sbswowvideo@gmail.com▶우와한비디오 구독하기 : https://bit.ly/2UruBXv▶우와한비디오 페이스북 : https://www.facebook.com/wowwowvideo/▶우와한비디오 인스타그램 : https://www.instagram.com/sbswowvideo/▷100만뷰 이상 ♨핫클립♨ https://bit.ly/2Itw0eE▷기적·감동 놀라운 실화들 https://bit.ly/2UsXNxo▷덕후들의 수집 끝판전쟁 https://bit.ly/2UrvHCB▷이 구역 달인 모음.ZIP https://bit.ly/2GrOtof▷금손·다이아손 시리즈 https://bit.ly/2IIwBs6▷세상에 이런 동물이?! https://bit.ly/2GxzURE▷조금 평범하지 않은 먹방 플레이어(취존영역) https://bit.ly/2IsgGij▷미스테리·기묘한 실화들 http://bit.ly/2kisYiL"
23-12-2019 21:58,"vIcK-ubhODo","[법륜스님의 즉문즉설 제 1559회] 적성에 맞는 일을 해야 행복한가요?","2019-12-22T20:00:13.000Z","UCSsWdUwr4UonSCAVH-k0_Lg","법륜스님의 즉문즉설","29","19.23.12","불교|즉문즉설|법륜스님|정토회|buddha|buddhism|pomnyun|스님의주례사|엄마수업|깨달음|기도|수행|답답하면물어라|법륜|스님|새로운100년|Buddhahood|Gautama|Buddha|적성|대학|진로|일|행복|인생|생존|행복도|직업|목표|직장","75072","1688","73","87","https://i.ytimg.com/vi/vIcK-ubhODo/default.jpg","False","False","자신의 적성에 맞게 살아야 인생이 행복한가요?그렇다면 그 적성을 찾는 방법이 어떤 것이 있는가요?"
23-12-2019 21:58,"36LoydLNjIs","빅윈vs두치와뿌꾸 현금400만원 녹인 레전드 강화대결! 피파4","2019-12-22T05:45:43.000Z","UCbt557PsOnMaspiSUjuSVVw","빅윈TV","20","19.23.12","빅윈|빅원|피파4|피파온라인4|스쿼드|패키지|강화|김대승|축구|fifa4|game|피파3|피파4선수추천|선수추천|선수리뷰|빅닥터|박원|넥슨|흙윈|흑윈|현질|이적시장|빅뉴스|구단가치|금카|은카|올은카|신규시즌|TOTY|TOTM|월드레전드|월클|출정식|가성비|컨셉스쿼드|KFA|fo4|19tots|19토츠|bigwin|bigwinTV|fifaonline4|팀컬러|업데이트|팀케미|이강인|스쿼드배틀|모바일감독모드|두치와뿌꾸|BJ두치와뿌꾸|두뿌|뿌꾸|피파4 뿌꾸|피파4 두뿌|피파4 두치와뿌꾸|빅윈 뿌꾸|빅윈vs뿌꾸|뿌빅|빅뿌|19ts아자르|19토츠 아자르|빅윈 아자르|창과방패|창과방패 빅윈|창과방패 뿌꾸|창과방패 강화|창과방패 결과|강화의신","171803","1907","64","702","https://i.ytimg.com/vi/36LoydLNjIs/default.jpg","False","False","피파온라인4 12월 21일 빅윈vs두치와뿌꾸 현금 400만원 태워버린 레전드 강화 대결, TKI차범근4카, 19토티 반데이크 은카, 19토츠 아자르 6카, TKI박지성 7카, 19KFA이강인 금카까지 역대급 강화쇼!안녕하세요. 피파온라인4 피파4 5년차 BJ빅윈 영상 입니다.재밌게 시청해주시고 구독과 좋아요 부탁드립니다 :)방송국: http://afreecatv.com/dstv인스타: https://www.instagram.com/kimbigwin페이스북: http://www.facebook.com/profile.php?id=100008081326006광고문의: mistervic@naver.com#빅윈 #창과방패 #두치와뿌꾸 #피파4 #피파온라인4 #fifaonline4 #fifa4 #fifa3 #fifaonline3 #fifa #피파3 #빅원"
23-12-2019 21:58,"ZYwlW9m8ukE","크리스마스 보내는 유형 13가지 ㅋㅋㅋ[유형툰]","2019-12-23T06:06:02.000Z","UC5D5VhXj_9JWr3IskPYOEdA","오늘의 영상툰","1","19.23.12","오늘의 영상툰|오썰|크리스마스 보내는 유형|크리스마스보내는유형|크리스마스|유형별|유형툰","131083","4672","72","1794","https://i.ytimg.com/vi/ZYwlW9m8ukE/default.jpg","False","False","오하~ 크리스마스가 다가오는 기념으로 크리스마스 특집! 크리스마스 보내는 유형을 만들었습니다여러분은 어떤 유형이신가요?!🦄 오늘의 썰툰 구독하기 → https://bit.ly/2NqVyXQ🦄 사연보내는 곳 → http://bitly.kr/3xHrhf#크리스마스유형 #크리스마스보내는유형 #오썰"
23-12-2019 21:58,"fKyYxyxlJoI","선풍기 트는 법 알려주실 분... ㅠㅠ :: 브레인아웃 3편","2019-12-22T00:00:05.000Z","UCgjaQlejpAnIu0q-xtVfTEw","밍모","20","19.23.12","게임|모바일게임|밍모|밍모게임|밍모모바일게임","155500","1740","179","937","https://i.ytimg.com/vi/fKyYxyxlJoI/default.jpg","False","False","밍모와 함께하는 브레인아웃~!편집자: 우렁이아래 [더보기]를 눌러주세요.밍모의 직접체험관에 와주신 여러분너무너무 감사드립니다 ^^영상 업로드 시간평일: PM 03:30 = 방학 AM:09:00주말: AM 09:00밍모 팬카페: https://cafe.naver.com/mingduckhoo밍모 인스타그램: https://www.instagram.com/mingmoisgood/밍모 팬아트 및 비즈니스 문의: stare_@naver.com밍모 팬선물: 서울특별시 강남구 테헤란로 518 15층 샌드박스 크리에이터명#브레인아웃#선풍기#너무어렵다"
23-12-2019 21:58,"BjhoZAoUwkU","창모 더콰이엇 번지점프를 하러 가다 | 아마두 차트 공약 #2 | [둘도없는힙합친구 : DAMOIM(다모임)] 쌈디 딥플로우 염따","2019-12-21T15:15:39.000Z","UCviI9lzTe2pkxJ9M2ArA7WQ","dingo freestyle","10","19.23.12","dingofreestyle|dingo|freestyle|df|딩프|힙합|HipHop|랩퍼|싸이퍼|랩라이브|쇼미더머니|고등래퍼|딩고프리스타일","948595","20804","362","4214","https://i.ytimg.com/vi/BjhoZAoUwkU/default.jpg","False","False","#딩고프리스타일 #DingoFreestyle #다모임#창모 #더콰이엇 #쌈디 #사이먼도미닉 #딥플로우 #염따 ★딩고 프리스타일 구독하기 click https://www.youtube.com/user/nunnaamo?sub_confirmation=1 힙합 좀 즐길 줄 아는 사람이라면 지금 바로 딩고 프리스타일 구독하기!  ★이번 주 BEST :: https://youtu.be/OkEDeFKRnio ↘DF LIVE :: 스웨그 넘치는 라이브 https://www.youtube.com/playlist?list=PLCzi3FapEEFD-sv6mo1f406K8E0d4TuTG ↘DF INTERVIEW :: 힙합퍼들의 리얼 인터뷰 https://www.youtube.com/playlist?list=PLCzi3FapEEFCKNILJwcWSxPu9k4jXVtEn  ★딩고 뮤직 구독하기 click https://www.youtube.com/channel/UCtCiO5t2voB14CmZKTkIzPQ?sub_confirmation=1 ★일소라 구독하기 click https://www.youtube.com/channel/UCAbd8xHBGObktNG6F4GeChA?sub_confirmation=1"
23-12-2019 21:58,"1T9RmTK3dQc","빵싸대기 맞았습니다... 냄새 비쥬얼에 홀리고 드립에 진짜 터져버린 여기가 🍞빵터짐 맛집🍞빵집 알바 리뷰 l 워크맨 ep.32","2019-12-20T09:00:06.000Z","UCwx6n_4OcLgzAGdty0RWCoA","워크맨-Workman","22","19.23.12","studiolululala|JTBC|스튜디오룰루랄라|룰루랄라|워크맨|직업리뷰|알바리뷰|알바썰|알바|직업|장성규|와썹맨|workman|job|wassupman|아르바이트|후기|알바후기|빵집|빵집알바|제과점|제과점알바|빵집투어|빵지순례|빵추천|빵asmr|빵먹방|파리바게트케이크|파리바케트알바|뚜레쥬르케이크|뚜레쥬르알바|크리스마스케이크","4211753","70850","1448","6374","https://i.ytimg.com/vi/1T9RmTK3dQc/default.jpg","False","False","JOB것들아~~~♥ 인력소장이다,,,,~~~ 그 뭐시기~~,, 달다구리~~ 빵이 엄청,,, 많다고하는디~~ㅎㅎ 크리스마스 되믄~~,,,케이크~~ 하나씩,, 사먹구~!!!!!!세상의 모든 job것들을 리뷰한다 [워크맨]▶ 매주 금 오후 6시 공개#워크맨 #workman #장성규 #빵집알바 #제과점#직업리뷰 #알바리뷰 #장성규 #스튜디오룰루랄라"
23-12-2019 21:58,"7h50H8FVIDg","[충격단독] 구속위기 림종석 딸 림동아 근황!!!","2019-12-23T11:45:09.000Z","UC0M-_02RJqMlGTKUjF1WhJg","가로세로연구소","25","19.23.12","가로세로연구소|가세연|강용석|김세의|김용호|변희재|이병열|고릴라|상념|이병렬|임종석|임동아|딸|조국|조민|림종석|림수경|림동아|북한|우리민족끼리|우민끼|김정은|문재인","274913","21798","1073","691","https://i.ytimg.com/vi/7h50H8FVIDg/default.jpg","False","False","가로세로연구소 구독 후원 방법정기구독 후원 ARS 1877-0665기업은행 655-026629-01-014 (예금주 : (주)가로세로연구소)국민은행 465101-01-273030 (예금주 : (주)가로세로연구소)농협 301-0237-9687-51 (예금주 : (주)가로세로연구소)신한은행 140-012-467674 (예금주 : (주)가로세로연구소)우리은행 1005-903-621647 (예금주 : (주)가로세로연구소)KEB하나은행 155-910040-33004 (예금주 : (주)가로세로연구소)투네이션 기부 : https://toon.at/donate/hoverlabPaypal (해외거주자용) : https://paypal.me/hoverlabUSA Citi Bank : Account Number (9250716923), Routing Number (254070116), SWIFT Code (CITI US 33), Account Title (Hover Lab Co.), Address (14028 Marblestone Dr., Clifton, VA, USA 20124)CANADA Shinhan Bank : Account Number (700000149910), Institution Number (355), Transit Number (08101), SWIFT Code (SHBKCATTXXX), Account Title (Hover Lab Co.), Address (14028 Marblestone Dr., Clifton, VA, USA 20124)홈페이지 가입 : http://www.hoverlab2018.com카카오톡 채널 : http://pf.kakao.com/_ilWvT제보 이메일 : jebo2022@gmail.com"
23-12-2019 21:58,"eAUww7lv1a4","감스트 피파4는 이제...","2019-12-22T08:48:37.000Z","UCbFzvzDu17eDZ3RIeaLRswQ","감스트GAMST","20","19.23.12","아프리카티비|아프리카tv|afreecatv|broadcast|감스트|비제이|김인직|인직|방송|bj|감튜브|콘텐츠|컨텐츠|비감|contents|gamst|injik|kiminjik|gamtube|bgam","489602","4245","176","1201","https://i.ytimg.com/vi/eAUww7lv1a4/default.jpg","False","False","[2019.12] 방송영상 입니다.#EACC #세계대회 #상금1억#피파온라인4 #피온4 #FO4#FIFAONLINE4 #fo4 #감스트게이밍#gamstgaming♥ GAMST YouTube channel subscribe please ♥GAMST YouTube https://goo.gl/i1A0oNGAMST Facebook http://facebook.com/gamst0108GAMST Instagram http://Instagram.com/gamst17172GAMST TV http://afreeca.com/devil0108GAMST TV watch live http://play.afreeca.com/devil0108COPYRIGHTS ⓒ 2015 BY GAMST. ALL RIGHTS RESERVED."
23-12-2019 21:58,"lHC0nAvWIhE","데이트 하자던 홍구가 데려간 이곳..... 뭔가 이상하다 (feat. 피지컬갤러리)","2019-12-22T04:07:06.000Z","UCaNGiz6D2vHP7XLj9d5691A","액션홍구","20","19.23.12","홍구|홍튜브|샛별|피지컬갤러리|김계란|대머리|빡빡이 아저씨|PT|헬스|교육|운동|허리|치료|데이트|몰래카메라|몰카","515800","5381","133","841","https://i.ytimg.com/vi/lHC0nAvWIhE/default.jpg","False","False","구독과 좋아요는 저희에게 큰 힘이 됩니다!구독 :: https://bit.ly/2ICyJOt각종 문의는? dpfgc3@nate.com아프리카 방송국 :: http://afreecatv.com/dpfgc3홍구 하이라이트 :: https://bit.ly/2KtGviJ스타크래프트 모음 :: https://bit.ly/2KjXkxl먹방 모음 ::https://bit.ly/2MuZoPw홍트콤 :: https://bit.ly/2tOwwds종합 게임 :: https://bit.ly/2yTKj8f육아일기 :: https://bit.ly/2xU97JE시청해주셔서 감사합니다!BGMSong : 50meru - constellationsFollow Artist :  http://bit.ly/2ZiGvdHMusic promoted by DayDreamSound : https://youtu.be/Uw6qJsi-2bw일러스트Graphics Designed By LovePik User(ID:23541076) Fromhref=https://kr.lovepik.com/image-401157789/ai-vector-illustration-cartoon-elephant.html LovePik.com"
23-12-2019 21:58,"5eVjy43tB1E","[티비냥] 다이어트하니까 말리라며~~!! 치킨 먹고 싶다는 여친한테 욕하는 오지라퍼 이상준 ㅋㅋㅋㅣ#코미디빅리그 160313 #02","2019-12-23T03:00:01.000Z","UCRMA_Nb5VF-YoWApSVeXPVA","tvN D CLASSIC","24","19.23.12","tvN|tvN D|tvN D ENT|코미디빅리그|코빅|comedy big league|comedy show|이진호|양세형|최성민|문세윤|오인택|박나래|이국주|코미디빅리그 다시보기|예능웃긴모음|웃긴예능모음|코미디빅리그 레전드|이용진|코빅레전드|개그콘서트|코빅다시보기|gag|개그|장도연|양세찬|황제성|코미디|웃음|김용명|이상준|ㅋㅋㅋㅋㅋ|정주리|이세영|안영미|미키광수|정만호|문규박|조세호|오지라퍼|김나희|김완배|김다온|코빅 오지라퍼|코미디빅리그 오지라퍼|오지라퍼 레전드|오지라퍼 모음|오지라퍼 몰아보기|오지라퍼 모아보기|오지라퍼 다시보기|오지라퍼 방청객|오지라퍼 방청|오지라퍼 관객|오지라퍼 지하철|오지라퍼 인스타|오지라퍼 인스타그램|코미디빅리그 오지라퍼 인스타그램|이상준 오지라퍼 인스타|오지라퍼 럽스타그램|디글|Diggle|:Diggle","61613","402","33","89","https://i.ytimg.com/vi/5eVjy43tB1E/default.jpg","False","False","#티비냥 #코미디빅리그 #오지라퍼구작이 명작인 tvN 맛집의 콘텐츠를 마음껏 볼 수 있는 tvN D CLASSIC : https://bit.ly/2PoHd0BtvN [코미디빅리그] : 대한민국 웃음의 대세 '코미디빅리그'. 대세 '코미디언'들의 웃음 사냥을 위한 치열한 코너 경쟁은 계속된다!공식 홈페이지 : http://program.tving.com/tvn/cobig"
23-12-2019 21:58,"KWtx-XSXXWE","토니 아이폰11을 깨트렸는데 진짜 화가 났어요!! 어떡하죠? (feat.아이폰11 프로맥스 꿀잼 몰카)ㅣ토깽이네상상놀이터","2019-12-21T23:00:06.000Z","UCniBqAPwwWIQLbYo4uK2RWg","토깽이네","24","19.23.12","토깽이네상상놀이터|토상놀|토깽어뭉|가족일상|가족|일상|vlog|게임|챌린지|토깽이의상상놀이터|상상놀이터|토깽이|토깽이네|토깽이와상상놀이터|토깽이는상상놀이터|남매|현실남매|흔한남매|남매일상|family|reality|life|토깽패밀리|브이로그|패밀리 브이로그|가족 브이로그|family vlog|토깽이네 가족|토깽이네가족|아이폰|아이폰11|아이폰11프로|아이폰11 프로맥스|아이폰11프로 맥스|iphone11|iphone11 pro max|iphone11 promax|목업폰|목각폰|모형폰|가짜폰|토토부부","172763","3766","312","443","https://i.ytimg.com/vi/KWtx-XSXXWE/default.jpg","False","False","#토깽이네상상놀이터 #아이폰11 #목업폰토니님 핸드폰을 건네주는척 하다가확 떨어트려 박살 낸다면?!토니님 진짜 화났어요 ㅜ.ㅜ♥ 비즈니스 이메일 (Business e-mail)- rabbitcym2@naver.com♥ [토깽이네] 어떤 채널일까요?토깽이네 채널은 남녀노소 누구나 즐길수 있는 가족형 채널입니다.4가족의 신나는 일상에 빠져 볼까요?♡ ♥[토깽이네] 사랑전달하기여러분의 ★구독 ★좋아요 ★댓글 ★공유는 토깽이네에게 큰힘이 되고 더 좋은 영상을 만들수 있는 발판이 됩니다. 저희 영상 봐주시는 분들께 항상 감사하고 진심으로 사랑합니다.[라이센스표기]1. Kevin MacLeod의 Barroom Ballet - Silent Film Light은(는) Creative Commons Attribution 라이선스(https://creativecommons.org/licenses/by/4.0/)에 따라 라이선스가 부여됩니다.출처: http://incompetech.com/music/royalty-free/index.html?isrc=USUAN1100310아티스트: http://incompetech.com/2. Audionautix의 You So Zany은(는) Creative Commons Attribution 라이선스(https://creativecommons.org/licenses/by/4.0/)에 따라 라이선스가 부여됩니다.아티스트: http://audionautix.com/3. Kevin MacLeod의 Baltic Levity - Thatched Villagers은(는) Creative Commons Attribution 라이선스(https://creativecommons.org/licenses/by/4.0/)에 따라 라이선스가 부여됩니다.출처: http://incompetech.com/music/royalty-free/index.html?isrc=USUAN1100720아티스트: http://incompetech.com/4. Audionautix의 Clowning Around은(는) Creative Commons Attribution 라이선스(https://creativecommons.org/licenses/by/4.0/)에 따라 라이선스가 부여됩니다.아티스트: http://audionautix.com/5. Audionautix의 Busybody은(는) Creative Commons Attribution 라이선스(https://creativecommons.org/licenses/by/4.0/)에 따라 라이선스가 부여됩니다.아티스트: http://audionautix.com/6. Kevin MacLeod의 Investigations은(는) Creative Commons Attribution 라이선스(https://creativecommons.org/licenses/by/4.0/)에 따라 라이선스가 부여됩니다.출처: http://incompetech.com/music/royalty-free/index.html?isrc=USUAN1100646아티스트: http://incompetech.com/7.Kevin MacLeod의 Baltic Levity - Thatched Villagers은(는) Creative Commons Attribution 라이선스(https://creativecommons.org/licenses/by/4.0/)에 따라 라이선스가 부여됩니다.출처: http://incompetech.com/music/royalty-free/index.html?isrc=USUAN1100720아티스트: http://incompetech.com/  ======================================================이 동영상의 저작권은 (주)래빗미디어(토깽이네)에게 있습니다. 영상 공유는 가능하나 허락 없이 무단 복제/배포하는 행위는 법적인 처벌을 받을수 있습니다.======================================================"
23-12-2019 21:58,"T5k8hiHVvac","[ENG SUB]여사친에게 에프터신청을 받았습니다.🙂","2019-12-22T10:00:50.000Z","UC1L79yKbmVepsCYusa4KHLQ","깨박이","24","19.23.12","봉준|깨박이|킴성태|배틀그라운드|남순|킹기훈|보겸|엔터테이너먼트|여사친|썸녀|우결|아프리카TV|BJ|여캠|여동생|VLOG","433300","3061","138","802","https://i.ytimg.com/vi/T5k8hiHVvac/default.jpg","False","False","청아님과 합동 깨박이 게임채널 오픈! ☞ http://bitly.kr/ygfcrjWAFREECATV Live ☞ http://play.afreecatv.com/dlghfjsInstgram ☞ https://www.instagram.com/dlghfjs/광고&문의는 dlghfjs@hanmail.net 로 연락주세요.#여사친#청아#eng sub"
23-12-2019 21:58,"fJcb1OCi30E","표예진, 과장 달고 변해버린 태도! | VIP | SBS DRAMA","2019-12-17T15:19:50.000Z","UC6erIDuvbOaAO-OT5rB2Xew","SBS Drama","24","19.23.12","SBS|VIP|20191217|Korean Drama|Korean Wave|K-DRAMA|DRAMA|SBS DRAMA|Korean TV series|Jang Na-ra|Lee Sang-yoon|Lee Chung-ah|Gwak Sun-young|표예진|이재원|곽선영|표예진태도|이재원홑벌이|곽선영당황|VIP다시보기|브이아이피다시보기|VIP14회다시보기|브이아이피14회다시보기|VIP14회|브이아이피14회","149603","581","30","60","https://i.ytimg.com/vi/fJcb1OCi30E/default.jpg","False","False","곽선영(송미나),이재원(이병훈)은 표예진(온유리)와 회의를 하면서 변해버린 표예진의 태도에 당황스러운 모습을 보인다. / Ep.14 ClipSBS 월화 드라마 'VIP' ☞ 매주 월,화 밤 10시 본 방송#VIP #장나라 #이상윤▶ Hompage : https://programs.sbs.co.kr/drama/vip/▶ Facebook :  https://www.facebook.com/SBSdramaZip/▶ Instagram : https://www.instagram.com/sbsnow_insta/▶ Subscribe NOW! SBS NOW! https://bit.ly/2YRf9Kn"
23-12-2019 21:58,"BSc8gyEmZo8","남편 사주와 같다, 자식 때문에 자리변동 수 [류동학 인문명리학자]","2019-12-22T07:00:01.000Z","UCxuf3GXK290vcpFW0lxm0Uw","이봉규TV","24","19.23.12","이봉규|이봉규TV|류동학","194343","17745","1480","819","https://i.ytimg.com/vi/BSc8gyEmZo8/default.jpg","False","False","남편 사주와 같다, 자식 때문에 자리변동 수 [류동학 인문명리학자]이봉규 TV 후원계좌신한은행 110-494-556972[페이스북]https://www.facebook.com/fridayhappy1[네이버 카페]http://cafe.naver.com/bongkyuleetv[네이버 블로그]https://blog.naver.com/2018bong'구독'과 '알림'을 통해 많은 관심 부탁드립니다.※ 본 영상의 모든 저작권은 ‘이봉규 TV’ 에 있습니다.　 무단으로 수정, 게시, 불펌을 금합니다."
23-12-2019 21:58,"vQOXjskUmGA","오늘은 그림 말고 남캠입니다 ㅗㅜㅑ...","2019-12-23T03:00:04.000Z","UCFqvKeEMGrJfJPEOafy1v4Q","레바스튜디오","24","19.23.12","레바|레자바지|스트리머|트위치|레바툰|이승권|레바하이라이트|던전속사정|꽃게소녀","167436","3862","35","695","https://i.ytimg.com/vi/vQOXjskUmGA/default.jpg","False","False","타스트리머 방송에서는 예의를 지켜주시기 바랍니다!--------레바의 트위치채널 : https://www.twitch.tv/mister903레바툰 보러가기 : https://www.lezhin.com/ko/comic/revatoon레바의 팬카페 : https://cafe.naver.com/19920709reva--------Track: Axollo - Burn It [NCS Release]Music provided by NoCopyrightSounds.Watch: https://youtu.be/0ApCDO_WquIFree Download / Stream: http://ncs.io/BurnItYO"
23-12-2019 21:58,"QdVUvLI4SJU","(일일) 속보 / 검찰, 조국 구속영장 청구!!! / 신의한수 19.12.23","2019-12-23T04:59:28.000Z","UCgOLQwRv1r2m9mhE1tfsn3Q","신의한수","25","19.23.12","[none]","380642","36862","1164","577","https://i.ytimg.com/vi/QdVUvLI4SJU/default.jpg","False","False","(주)민초 커뮤니케이션 대표 신혜식입니다. 더욱 열심히 하는 신의 한수가 되겠습니다. 애국 시민의 소중한 구독료는 애국 방송 사업에 쓰입니다.정기 구독 ARS 가입  1877-1477* 인터넷가입http://www.ihappynanum.com/Nanum/B/3JO90YUSOZ앞으로 더욱 더 좋은 애국 방송으로 보답해드리겠습니다.아래의 계좌번호는 민초커뮤니케이션 후원 계좌번호입니다.국민은행 032901-04-262037(주)민초커뮤니케이션"
23-12-2019 21:58,"rAsnGtxAyto","-10℃ 한겨울에만 만들어진다는 전설의 얼음칼 만들어보자.","2019-12-21T09:43:07.000Z","UCk6bX-MZXdte_7kG8TbMkqg","허팝Heopop","24","19.23.12","허팝|heopop|gjvkq","653181","7705","894","4669","https://i.ytimg.com/vi/rAsnGtxAyto/default.jpg","False","False","여기는 -8℃인데 과연 얼음칼이 만들어질까?!다음번에 온도 더 안떨어져서 안만들어지면 얼음을 갈아서라도 탄생시키겠습니다ㅎㅎㅎ그나저나 전설의 얼음칼 이름은 무엇으로 할까요!? 댓글로 남겨주시면 뽑아서 다음영상 얼음칼 이름으로 정할게요!#얼음칼 #허팝 #icesword #heopop[LIKE], [SUBSCRIBE] and [SHARE]!!!●Heopop channel : http://goo.gl/pAHo88●HeopopLife channel : https://goo.gl/wEKBJb●HoopopGames channel : http://goo.gl/upcwMZ●Heopop's Instagram : http://goo.gl/tDS7WY●Heopop's Facebook : http://goo.gl/vuVDQK"
23-12-2019 21:58,"vBvt8GP53qA","화려하게 폭발한 270억, 진부하다 못해 어이가 없는 재난영화: 백두산 리뷰","2019-12-22T14:00:12.000Z","UCIXvXBYSc9fQ7Ri5SM1r8xA","라이너의 컬쳐쇼크","1","19.23.12","백두산|백두산 리뷰|덱스터 스튜디오|이병헌|하정우|수지|배수지|마동석|한국영화|라이너 백두산|라이너 백두산 리뷰|라이너|라이너의 컬쳐쇼크","148139","2883","294","1322","https://i.ytimg.com/vi/vBvt8GP53qA/default.jpg","False","False","하정우와 이병헌의 만남. 수지와 마동석의 연기 변신. 거기에 전혜진까지.게다가 270억이라는 엄청난 액수가 동원된 초특급 블록버스터!근데 영화의 상태가 대체 왜...?라이너의 컬쳐쇼크에서 제공하는 백두산 리뷰입니다."
23-12-2019 21:58,"EP1FStdF7sc","역대급이었다는 정경심 재판, 끝까지 파는 박지훈 변호사의 메소드 해설 (2탄)","2019-12-21T14:30:02.000Z","UCjg8YuDzpuQ5dpWQB7ekWGA","KBS더라이브","25","19.23.12","KBS|최욱 더라이브|매불쇼|김어준|뉴스공장|정경심|조국|표창장|부부장검사|레전드|요약|검찰개혁|사이다|얼굴|구속|기소장|노트북|고양이|고양이뉴스|3차 공판|두번째 공판|검경수사권|판사|고발|현장 영상|실시간|생중계|송인권|송경호|유시민|알릴레오|저널리즘 토크쇼 j|시사타파|공소장 변경|조범동|신의 한수|이준석|편파 재판|연예대상|더룸|관훈클럽|황교안|자유한국당","387980","13862","659","1181","https://i.ytimg.com/vi/EP1FStdF7sc/default.jpg","False","False","#메소드연기 #9명의검사 #검사의자존심박지훈/ 변호사19. 12. 19. KBS1 '더 라이브' 방송 中구독과 좋아요는 더 라이브를 더더더~ 열일하게 합니다💪우기 허니가 차려낸 이슈 맛집 더 라이브!하루의 마무리로 라이브 채팅을 즐겨봐요☕KBS 1TV 월요일 밤 11시, 화수목 10시 55분 생방송🏃 📢더 라이브 구독하기(http://bitly.kr/NmDNy)✍더 라이브 커뮤니티(http://bitly.kr/thcBr)▶홈페이지 http://program.kbs.co.kr/1tv/culture/thelive▶팟빵 http://www.podbbang.com/ch/1774051▶페이스북 https://www.facebook.com/thelivekbs1▶트위터 https://twitter.com/kbs1thelive▶제보 및 의견: kbs1thelive@gmail.com* 인터뷰 내용을 인용, 보도할 때는 프로그램명 KBS '더 라이브'을 정확히 밝혀주시기 바랍니다.한상헌: 지난주에 이어서 오늘 정경심 동양대 교수의 재판이 열렸는데요. 지난주에 또 이어서 재판부와 검찰이 목소리를 높였다고 합니다. 대체 어떻게 진행되고 있는지 지난주에 또 이어서 오늘 재판도 더 라이브의 전담 법률전문가 박지훈 변호사에게 이야기 들어보겠습니다. 최욱: 오늘 뭐 긴장감이 엄청났다고 얘기를 들었습니다.박지훈: 말도 못 합니다. 11일, 10일이죠, 지난 10일에 3차 공판준비기일 때 공소장 변경을 불허했습니다. 이걸 가지고 사실 좀 언쟁이 있었죠. 퇴정 얘기까지 있었고. 그런데 이번에 검찰에서 의견서를 냈습니다. 의견서를 냈고. 그때는 왜 불허가 됐냐면 1차 9월 6일 공소장과 2차 11월 11일의 공소장이 다르기 때문에 그래서 변경할 수 없다고 했던 건데 그거에 대해서 검찰에서 의견서를 냈습니다. 표창장 관련 의견서를 냈는데, 그 의견서에 대해서 재판부에서 의견서 잘 읽어 봤습니다. 반영하겠습니다. 중립적으로 하겠습니다.최욱: 아 재판부가 너무 편향돼있다? 중립을 좀 지켜라박지훈: 예단을 좀 하지 마라. 그렇게 얘기를 했는데 조서도 좀 수정을 해 달라 그렇게 얘기했는데, 그때부터 문제가 되기 시작했습니다.한상헌: 검찰은 본인들이 부당하다고 느끼는 부분에 대해서 의견서를 제출을 했고, 재판부에서는 알겠다, 고려하겠다고 말을 했는데 왜 문제가 된 거죠? 박지훈: 구두로 이 얘기를 발언을 하게 해 달라고 요청을 한 겁니다. 재판부가 그것 때문에 실랑이 했는데요. 제가 직접 공판장 모습을 재연해보겠습니다. 부장 검사입니다.-재판기록-박지훈: 이건 부부장 검사입니다. 좀 작은 칼이요.최욱: 아 오늘 여러 명이 왔군요. 박지훈: 검사가 9명이 왔습니다.박지훈: 이렇게 진행이 됐습니다. 제가 과장을 했지만, 상당히 논란이 있었습니다.한상헌: 논란이 있었겠네요.박지훈: 이게 사실 검사들이 이렇게 행동하는 건 이례적이거든요.최욱: 이런 경우는 흔치 않아요?박지훈: 의견서를 제출하면, 그 의견서를 봤다고 하면 더 얘기를 안 합니다, 사실은, 그렇기 때문에 이번에 변호인으로 왔던 김칠준 변호사입니다. 이런 얘기를 합니다. 변호사 생활 30년 만에 이런 거 처음 봅니다. 방패입니다 이건.최욱: 아 변호인, 막아내야 하니까.박지훈: 그래서 지금 문제가 있는 거죠.한상헌: 아니 근데 그럼 왜 이런 일이 벌어진 거죠? 이례적이라면서요.박지훈: 검사들이 상당히 많이 왔는데요. 얘기를 좀 하게 해 달라.최욱: 9명 온 것도 이례적인 거예요?박지훈: 9명 오지 않죠. 통상. 근데 부장검사, 뭐 부부장, 칼 막 갖고 왔었는데(?) 그러다보니까 문제가 되는데. 가장 중요한 거는 재판의 내용보다는 기자들한테 그 얘기를 좀 하려고 했던 게 아닌가라는 게 추측입니다. 의견입니다.최욱: 그러니까 지금 사법부가 뭔가 편향되어 있다. 중립을 지키지 못한다는 것을 세상에 뭔가 검찰이 알리고 싶어 했나 보군요.박지훈: 그리고 실제로 재판정에서 기자들이 많이 웅성거렸고요. 어? 재판부 좀 불공정한 거 아니냐. 이런 얘기까지 나왔다고 합니다. 방청석에서요. 최욱: 알겠습니다. 네. 오늘 공판장 스케치는 이 정도면 된 것 같고요. 이제 내용이 더 중요합니다.박지훈: 맞습니다. 이 공소장 변경이 불허되자마자, 17일, 일주일 만에 추가기소를 검찰이 합니다. 표창장 위조 관련해서 실체적 진실을 밝히기 위해서 불가피한 조치라고 얘기를 했는데요. 이것도 뭐 조금 연기를 간단하게 하겠습니다. 싫어하시는 것 같은데. 판사입니다.-재판기록-한상헌:그래서 답변은 이루어졌나요? 이 추가기소가 1차 기소에 대한 건지, 2차 기소에 대한 건지. 박지훈: 확실한 답변을 사실 해야 됩니다. 그런데 확실한 답변을 하지 않은 것은 이 부분이 좀 문제가 될 수도 있는 거고요. 결국 보면 1차보다는 2차. 추가기소, 2013년 건 기소가 맞아 보이거든요. 그래서 그 얘기를 하고 싶은데, 만약 1차 얘기를 한다면 1차를 또 공소취소 해야 할 수 있는 그런 상황이 생길 수 있기 때문에 1차인지 2차인지 애매하게 답변한 것으로 보입니다.최욱: 이거 볼 때마다 저는 도대체 이해가 안 가는 게, 1차 기소, 그러니까 조국 후보자 청문회 때 기소했던 그 부분을.박지훈: 네 9월 6일에요.최욱: 그게 잘못됐으면 이거 그냥 취소하면 참 깔끔할 것 같은데, 그게 그렇게 어려운 일입니까? 자존심이에요?박지훈: 자존심이 상합니다.한상헌: 네 또 논쟁이 됐던 부분이, 이번에 변호인 측에서 이의를 제기했다면서요.박지훈: 네. 좀 압수수색 영장이 확인이 안 된다고 얘기를 했어요. 변호인한테.최욱: 네? 확인이 안 된다고요? 무슨 말이죠?박지훈: 증거를 제출했는데, 증거는 그냥 대는 증거면 안 됩니다.압수수색 영장에 의해서 적법하게 취득한 증거여야지만 효력이 생깁니다.한상헌: 그렇겠죠. 당연한 건데 이게.박지훈: 영장을 내놓으라고 하니까, 증거목록 보니까 날짜나 이런 것들이 정확하게 나오지 않아요.최욱: 날짜가 왜 중요한 거죠?박지훈: 정말 중요합니다. 기소된 이후에 취득한 압수수색 영장에 의해서 취득한 증거는 효과가 없습니다. 그래서 변호인 측에서 계속 요청을 했습니다.최욱: 그런데도 불구하고 날짜에 대한 부분을 얘기하고 있지 않다면 지금 이건 재판 중이 아니라 재판을 준비하는 과정인데, 그럼 이건 재판에 가서 이런 증거는 다 사라질 가능성도 있습니까?박지훈: 이게 재판이 제대로 열린다면, 증거 능력이 없을 가능성이 아주 높습니다. 한상헌: 그럼 이제 그 증거에 대해서 어떤 압수수색 때 취득한 증거인지, 날짜가 며칠인지가 명확해야 되는군요. -재판기록-최욱: 혹시 이 방송 애들이 보고 있습니까? 자녀가 있는 걸로 아는데.박지훈: 보고 있습니다.최욱: 자랑스러워합니까?박지훈: 부끄럽습니다.박지훈: 재밌게 제가 얘기를 했지만 상당히 중요한 부분입니다. 왜 중요하나면, 압수수색을 한 날짜에 따라서 증거가 있나 없나를 다투는 거고, 변호인 입장에서는 그 날짜를 계속 물어보고 목록에 있는 증거를 제시해 달라고 요청을 하는데최욱: 방어권 차원에서.박지훈: 네, 근데 검찰 입장에서는 혹시라도 그 증거가 그 이후의 증거면 무효가 될 수 있기 때문에 제대로 얘기하고 있지 않은 거처럼 보이는 겁니다.한상헌: 양측이 좀 첨예하게 대립할 수밖에 없겠네요.박지훈: 상당히 첨예하게 대립되는 부분인거죠.한상헌: 또 변호인 측이 또 이의를 제기한 부분은 어느 지점이죠?박지훈: 이건 더 이상 연기는 안 하겠습니다,최욱: 연기는 그만하시죠. 박지훈: 3명의 참고인이 동일한 검사한테 동일한 시간에 조사를 받았다는 겁니다.최욱: 자, 3명의 참고인이 동일한 검사한테 동일한 시간에 조사를 받았다. 이게 어떤 의미죠?박지훈: 조사를 하면 사실은 검사가 여기 갔다가 저기 갔다가 이렇게 할 수가 없거든요. 시간이 다르거나 아니면 사람이 다르거나 해야 되는데, 같은 시간에 같은 검사가 3명을 조사했다. 조서를 달리하면서. 뭔가 적법하지 않은, 아니면 조사를 제대로 하지 않은 증거가 아니냐는 게 변호인 측 의견입니다.한상헌: 제가 잘 몰라서 여쭤보는데 3명을 동시에 조사한 건 아니고요?박지훈: 아닙니다. 따로따로 조사했습니다.한상헌: 할 수 없고요? 세 명은.박지훈: 3명을 급하게 물어보고 막 또 가서 물어보고 하면 되긴 되는데, 그런 상황은 아닌 걸로 지금 보입니다. 최욱: 만약 한 자리에 참고인 3명을 동시에 놓고 조사를 하면 영향을 끼칠 수 있으니까.박지훈: 한 조서에 다 땁니다. 그런 경우에는. 한 조서에 물어보고 질문하고 대질 신문을 그렇게 하는 거거든요. 그런데 지금은 조서 3개를 한 몫에 작성했다. 뭐가 문제가 있다는 게. 사실 보면 검찰이 해명을 하면 돼요. 어떤 방식으로 어떤 절차에 따라서 어떻게 작성했다고 하면 되는데, 그 부분에 대해서도 얘기를 잘 안하고 있습니다. 특히 날짜 같은 게 잘못됐을 수 있거든요. 그런 부분을 지금 변호인은 문제 삼고 있고 검찰은 제대로 답변하지 않는 그런 상황입니다.최욱: 박지훈 변호사는 법조인 생활을 한지 꽤 오래됐을 텐데.박지훈: 저 판사도 했고 검사도 했고 변호사도 했죠.한상헌: 그래서. 지금도 (재연) 하셨잖아요. 셋 다최욱: 근데 이런 상황은 굉장히 이례적인 상황인가 봐요.박지훈: 일단은 제가 18년, 20년 정도 했는데, 검사가 덤비는 모습을 본 적이 별로 본 적이 없습니다. 왜 그러냐면 검사 입장에서는 좋은 결과를 받아야 합니다. 유죄를. 받아야 되기 때문에. 저 같은 경우는 검사할 때 판사 눈도 잘 안 마주쳤어요. 눈 괜히 마주쳤다가 또 싫어할 수도 있으니까. 그런데 이렇게 구두로 하겠다고 하는 경우는 조금 이례적인 것은 사실입니다.최욱: 근데 이런 식으로 하다가는 피고인까지도 한번 경험 하지 않을까 하는 걱정이 듭니다.박지훈: 누가요? 아니 그대로. 들은 바 그대로 하는 거기 때문에.한상헌: 언젠가 한번 문제가 되겠다 싶은 지점이 있습니다.박지훈: 너무 걱정하지 마십시오.한상헌: 자, 계속해서 박 변호사와 더 라이브 제작진이 정경심 재판 진행상황, 지켜보도록 하겠습니다,"
23-12-2019 21:58,"z9LDQSVV1oM","알바하다가 사귀는 애들 종특 [크리스마스가 싫은 네 가지 이유] - EP.04","2019-12-21T10:00:01.000Z","UCid83oPnsL-4ZEo8CyQr6Rg","플레이리스트","24","19.23.12","연플리|연애|드라마|웹드라마|연애플레이리스트|플레이리스트|플레이리스트스튜디오|크리스마스가 싫은 네 가지 이유|크네유|크리스마스가싫은네가지이유|인서울|리필|다만너|다시 만난 너|나의 이름에게|나의이름에게|나이름|정건주|에이틴2|연플리 시즌4|에이틴","577912","9844","124","1092","https://i.ytimg.com/vi/z9LDQSVV1oM/default.jpg","False","False","역대급설렘)) 알바할 때 진짜 이래??;;의미없는 다정함은 범죄, 참인 명제 ㅇㅈ?17:10 이 모먼트 찐친구 찐우정ㅋㅋㅋㅋ욕봨ㅋㅋㅋㅋ알바하다가 사귀는 애들 종특 [크리스마스가 싫은 네 가지 이유] - EP.04🎅올 크리스마스엔 케빈 대신 크네유🎅매주 수, 토 저녁 7시에 업로드됩니다!플레이리스트 채널 구독은 여기로 👉 https://goo.gl/df5FYf댓글👩‍💻 좋아요💝 알람🔔도 잊지 말기🙌❤️Instagram: https://www.instagram.com/playlist_studio❤️Facebook: http://www.facebook.com/PlayListKR❤️V Live : http://channels.vlive.tv/DEF407/video❤️Naver TV: http://tv.naver.com/playlist❤️Store: https://playliststore.com#크리스마스가싫은네가지이유 #크네유 #크리스마스엔크네유"
23-12-2019 21:58,"cF5E_APHqQk","이런 일이 [따따부따 12/23]","2019-12-23T05:09:15.000Z","UC8SZ88GQa9XWwZxLNibO3ug","배승희 변호사","24","19.23.12","bae seung hee lawyer","225683","25070","476","320","https://i.ytimg.com/vi/cF5E_APHqQk/default.jpg","False","False","2019. 12 . 23.제보 메일 : moissue24@gmail.com"
23-12-2019 21:58,"oPGNWWCRHoM","트럼프 탄핵안 통과이후 엄청난 반전이 일어난 상황 / 중국붕괴 시나리오 현실화되기 시작했다 [잡식왕]","2019-12-22T12:24:06.000Z","UCtCp1dJ0QSuFMc8Z4M7g5LQ","잡식왕","25","19.23.12","트럼프|탄핵|trump|중국|가결|공화당|미국하원|낸시펠로시|시진핑|트럼프지지율","357516","7981","252","665","https://i.ytimg.com/vi/oPGNWWCRHoM/default.jpg","False","False","트럼프대통령의 탄핵안이 미국 하원에서 가결되었습니다.하지만 트럼프의 지지율상승뉴욕 주가지수 상승등경제지표에서 긍정적인 신호들이 나오면서오히려 분위기가 트럼프 대통령에유리한방향으로 흘러가고 있습니다.트럼프가 재선에 성공할경우1기 재임기간보다 더큰 권력을 얻게되기 때문에 이것이 앞으로 중국에 미칠 영향에대해 다양한 의견들이  나오고 있습니다.#트럼프 #탄핵 #중국 #가결 #미국하원 #낸시펠로시 #시진핑#트럼프 지지율 #NASDAQ #뉴욕지수 #경제지표 #잡식왕[잡식왕 후원하기]https://toon.at/donate/636944796530208362[비즈니스 문의]Email : hotissue6@gmail.com[저작권]연합뉴스 컨텐츠 관련 부분인용 및 전체인용에 대한 허가를 받았습니다.저작권자(C)연합뉴스, 잡식왕무단배포, 도용, 재가공 금지"
23-12-2019 21:58,"hIML9W5eP20","국민MC? 인민MC? 유재석의 선택","2019-12-22T13:41:25.000Z","UC2vZ-y5LAIaqJt5aIp9o-Tg","김용호연예부장","25","19.23.12","[none]","246395","19614","3562","2766","https://i.ytimg.com/vi/hIML9W5eP20/default.jpg","False","False",""
23-12-2019 21:58,"A_mLIAI-KT8","새벽 3시에 계속 전화오는 여자..","2019-12-22T12:03:17.000Z","UCIA-LPHNERP2MDUQpp2RVHg","케이","24","19.23.12","케이|케튜브","159662","3889","465","480","https://i.ytimg.com/vi/A_mLIAI-KT8/default.jpg","False","False","■아프리카TV: http://afreecatv.com/zpdl1313■페이스북: https://www.facebook.com/junggyu2?fref=ts■인스타그램: wndrb1123전화 번호 유출□문의: kbj3898@naver.com"
23-12-2019 21:58,"6_m28V3qnIM","엘리베이터 괴담 5화 드디어 모든 구슬을..","2019-12-22T09:05:55.000Z","UCPI40-XQA9-GBGj2k8PPqfg","김왼팔","20","19.23.12","김왼팔|공포게임","112705","2872","76","1455","https://i.ytimg.com/vi/6_m28V3qnIM/default.jpg","False","False","✅한번보면 아쉬우니 2번 봐주세요!!--------------------------------------------------------------------------------------- 구독하기 링크클릭!! : http://goo.gl/ABDwSt- 광고문의 - dmltjdzoq123@naver.com--------------------------------------------------------------------------------------쫄보인생 23년 공포게임을 전혀못하지만 저 보다 더 겁이많은분들을위한 공포게임 대리만족 해주는 방송 김왼팔 채널입니다!!"
23-12-2019 21:58,"XQKvMSUPnGU","어린 생참치를 해체하라!!!","2019-12-21T12:00:06.000Z","UCIUfR-2qcpWqgAIfZJXOLWA","수빙수tv sooBingsoo","22","19.23.12","참치|생참치해체|참다랑어|새끼참치|메지마구로|대뱃살|오토로|중간뱃살|주토로|상참치|아카미|적신|참치머리|참치회|참치무한리필|참치찌개|참치튀김|꼬치튀김|tuna|めじまぐろ|黒マグロ|눈다랑어","611261","11130","466","1489","https://i.ytimg.com/vi/XQKvMSUPnGU/default.jpg","False","False","안녕하세요! 수빙수tv의 수빙수입니다!!! 혀러분!!! 생선해체의 꽃을 가지고 왔습니다!코거슨 파러어 ?! 생참치 입니다!!!!!! 아..새끼생참치 입니다!!!!!!!!!!! 좀 작아서 일반 생선 해체하듯 해도 되지만 큰참치 해체하는 방법대로 해봤습니다! (연습삼아ㅎㅎ)근데 마지막은 진짜 엄마표 생참치찌개..심각하게 맛있어서 눈돌아감 ㅇㅇ수빙수티비 열정페이감독 - 성팩수빙수티비 정열적이피디 - 애미넴 참치는 사비구매 - 수빙수 지갑에서뮤팟참조글 You’re free to use this song in any of your videos, but you must include the following in your video description (Copy & Paste):THE HAPPY SONG by Nicolai Heidlas Music https://soundcloud.com/nicolai-heidlasCreative Commons - Attribution 3.0 Unported- CC BY 3.0 http://creativecommons.org/licenses/b...THE HAPPY SONG by Nicolai Heidlas Music https://soundcloud.com/nicolai-heidlasCreative Commons - Attribution 3.0 Unported- CC BY 3.0 http://creativecommons.org/licenses/b...Music promoted by Audio Library https://youtu.be/cGuaRsXLScQDistributor: 저작권 걱정없는 유튜브용 음원 & 무료 효과음 서비스 ‘뮤팟’https://www.mewpot.com"
23-12-2019 21:58,"JxM2Vj_eUDw","헐 ....","2019-12-22T11:18:56.000Z","UCu9BCtGIEr73LXZsKmoujKw","보겸 TV","24","19.23.12","보겸|bokyem|콜겸|전화|데이트|통화|승무원|항공사","1328012","17963","378","2836","https://i.ytimg.com/vi/JxM2Vj_eUDw/default.jpg","False","False","보겸TV 유튜브 구독하기 :: https://goo.gl/08r0gG보겸TV의 달달한 영상을 바로바로 시청하시려면 구독은 필수!보겸의 배틀그라운드 영상 모음 :: https://goo.gl/HE4cFd보겸의 오버워치 영상 모음 :: https://goo.gl/tSbgv0보겸의 롤 하이라이트 모음 :: http://goo.gl/It3CHa보겸의 보슐랭가이드/먹방 모음 :: https://goo.gl/em8WLQ보겸의 착불택배 개봉기 모음 :: https://goo.gl/o5nTzd보겸의 원피스 대백과사전 모음 ::  http://goo.gl/Psk9Uq보겸의 클래시로얄 모음 :: https://goo.gl/7wFF3D보겸이 아프리카TV 방송국 :: http://afreeca.com/bokyem123보겸이 인스타그램 :: https://www.instagram.com/great_bk보겸이 페이스북  :: https://www.facebook.com/gbk123456다양한 콘텐츠로 여러분을 찾아 뵙겠습니다!광고&섭외 문의는 bokyem123@naver.com로 문의주세요."
23-12-2019 21:58,"qXBHj9TCCWc","[풀영상] '김기현 첩보' 송병기 언론보도 관련 긴급 기자회견 / 연합뉴스TV (YonhapnewsTV)","2019-12-23T03:13:06.000Z","UCTHCOPwqNfZ0uiKOvFyhGwg","연합뉴스TV","25","19.23.12","연합뉴스TV|뉴스|NEWS|주요뉴스","27185","396","155","259","https://i.ytimg.com/vi/qXBHj9TCCWc/default.jpg","False","False","김기현 전 울산시장 측근 비리를 처음 청와대에 제공한 송병기 울산시 경제부시장이 기자회견을 엽니다. ▣ 연합뉴스TV 유튜브 채널 구독https://goo.gl/VuCJMi▣ 대한민국 뉴스의 시작 연합뉴스TV / Yonhap News TVhttp://www.yonhapnewstv.co.kr/"
23-12-2019 21:58,"dpUptxHnG50","의겸아 고향까지 바꾸냐 제발 그만좀 해","2019-12-22T12:30:31.000Z","UC4m8f3vD6AgN07EBYBLX-ZA","지식의 칼","24","19.23.12","[none]","89376","11649","520","877","https://i.ytimg.com/vi/dpUptxHnG50/default.jpg","False","False","[지식의 칼] 아내탓, 처제탓, 안한척, 모른척, 못들은척, 기부 한다, 그런데 나중에 결과 나오고  한다,그만좀 하지 김의겸씨 어디까지 더 추락하시려고?지식의 칼 자율구독료 : 우리은행 668-190390-02-001 이재홍지식의 칼 멤버십 가입 링크 : https://www.youtube.com/channel/UC4m8f3vD6AgN07EBYBLX-ZA/join여러분이 보내주시는 구독료는 썸네일 제작, 라이센스, 자료 구입 등 제작비용으로 사용됩니다."
23-12-2019 21:58,"qSwtGohj0j4","2019년, 조회수로 본 가수 인기순위. 역시 독보적 1위는 송가인. #2위와 큰 격차 #연말결산","2019-12-22T00:00:04.000Z","UC6c5iDSFnBI49qpSGJJ0VLg","목포MBC 가요센터","10","19.23.12","MBC|목포MBC|인기가수|트로트|트로트공연|가요|music|트로트 연속듣기|운전할때 듣기좋은 노래|운전하기 듣기좋은 트로트|트로트 메들리|트로트 모음|트로트 무료듣기|트로트 신곡모음|트로트 순위|트로트 메들리 동영상|트로트 인기순위|트로트 가수|트로트 신곡","78845","1882","88","145","https://i.ytimg.com/vi/qSwtGohj0j4/default.jpg","False","False","2019년 뜨거운 사랑을 받은 트로트!그 속에서도 가장 많은 사랑을 받은 가수들이 있다?!영상 조회수 순위로 알아보는 Best 5!5위 서정아 비비각시4위 진성 안동역에서3위 박상철 항구의 남자2위 김용임 고장난 벽시계1위 송가인 #2019 #마무리 #순위 #조회수 #트로트 #애정 #조회수 #비비각시 #서정아 #안동역에서 #진성 #항구의남자 #박상철 #고장난벽시계 #김용임 #거기까지만 #진도 #송가인 #미스트롯 #트로트메들리 #연말정산"
23-12-2019 21:58,"O9yb3gAclb4","드리블 천재? 리틀 피르미누와 대결 했어요... [ 창의돋는 슛ㄷㄷ]","2019-12-21T23:51:42.000Z","UCT8DsZlac7D1_dx6d8Kh_Qw","JK 아트사커 온라인","17","19.23.12","[none]","392068","2826","113","376","https://i.ytimg.com/vi/O9yb3gAclb4/default.jpg","False","False","과거에 친형과 함께 리틀 이승우로 출연했던 학생입니다.현재는 진화하여 리틀 피르미누가 됐는데 그게 문제가 아니고실력이 ㅎㄷㄷ해졌네요.문의는 JK@JKartsoccer.com"
23-12-2019 21:58,"boMdVAUXckE","[ENG/CHN] 🍜3-2봉 주연 파채, 조연 삼겹살. 모니터 핥지마세요 | 라끼남 풀버전","2019-12-20T14:13:08.000Z","UCQ2O-iftmnlfrBuNsUUTofQ","채널 십오야","24","19.23.12","나영석|나PD|신서유기|신서유기외전|아간세|아이슬란드|아이슬란드간세끼|이수근|수근세끼|은지원|지원세끼|삼시세끼|세끼|신효정|나피디|묘한이|tvN|라끼남|라면|라면끼리는남자|강호동|양정우|육봉선생|6봉선생|안성탕면|농심|너구리|신라면|짜파게티|짜파구리|진라면|불닭볶음면|팔도|라면먹방|먹방","1865463","26551","603","2613","https://i.ytimg.com/vi/boMdVAUXckE/default.jpg","False","False","#파삼탕면 #파채가센터 #삼겹살은거들뿐제가 미리 라면 끼리라고 했어요 안했어요봐줄테니 지금이라도 끼리세요후다닥최고의라면을 먹기 위한 육봉선생의 라면순례길 [라끼남] 매주 (금) 밤 10시 40분부터 육분 Olive & tvN 동시방송!  신상 라면 소식은?🍜 https://bit.ly/2RpuQEt"
23-12-2019 21:58,"SDFlo2l-6YY","라모스 풀스토리 스페셜 (스페인 축구 주장)","2019-12-22T08:00:09.000Z","UCudWn3bvgyuEw-rTD7zJZOg","No.1 스포츠채널 불양TV","17","19.23.12","생방송|야구|축구|분데스리가|프리메라리가|피파|리그앙|불양|아프리카bj|대박|추천|리뷰|후기|체험|game|게임|최신|신작|공포|예능|남캠|요리|한국|NEW|Korea|스팀|콘솔|PS4|pc|computer|먹방|BJ|재밌는|온라인|이대호|메이저리그|김현수|박병호|오승환|MLB|추신수|류현진|프로야구|epl|프리미어리그|손흥민|footBALL|세리에","162524","2584","81","739","https://i.ytimg.com/vi/SDFlo2l-6YY/default.jpg","False","False","★☆구독과 좋아요는 큰힘이 됩니다~!☆★이메일:Philfritz@naver.com"
23-12-2019 21:58,"ekdYX3_VO9c","김어준의 다스뵈이다 92회 삼중기소, 다중인격 그리고 선거법해설","2019-12-20T13:00:10.000Z","UCxvU6bRtYhNLvZleAIGa-FQ","딴지방송국","25","19.23.12","[none]","900519","122310","1524","2311","https://i.ytimg.com/vi/ekdYX3_VO9c/default.jpg","False","False","- 쌈바친구들 보고 놀란 총수 연희별곡 보고 놀란다 : 연희별곡- 아닌 밤중에 해고, 이럴때 필요한건? 쇼핑! : 주진우 기자- 월성의 좋은 주동자 : 황분희 할머니, 남태제 감독- 부산에 던진 출사표 : 김비오 지역위원장, 정청래 전 의원- 정경심 표창장 '거의' 삼중기소 + 조범동 공판 취재기 : 양지열 변호사, 신장식 변호사, 장용진 기자- 의학채널 아니고 정치예능입니다, 의사소통TV : 주웅 원장, 김현지 부원장 - 비건의 베이징행과 북한의 크리스마스 선물 : 정세현 부의장- 선거법 해설 일타강사(연동형 캡, 석패율제, 위성정당) : 김종민 의원, 박경미 의원- 사라진 이민자 인권을 위해 : 김동석 대표92회 사전 공연흥타령 - 연희별곡https://youtu.be/DMnpNLffCh8달빛 (You moon) - 연희별곡https://youtu.be/-Ub3ZQI7O7A기억 - 연희별곡https://youtu.be/CtsZ2qZqPoM산조(full 공연 10시 오픈) - 연희별곡https://youtu.be/e7CIyB6gxHU연희별곡 YUNY;HADA 구독https://www.youtube.com/channel/UC0j5Kk__cWKpJPV8XN5Phag?sub_confirmation=1정청래 TV떴다! 구독https://www.youtube.com/user/ssabibi?sub_confirmation=1의사소통TV 구독https://www.youtube.com/channel/UCTyntsaYElXKz54IMa1cZQQ?sub_confirmation=1영화[월성] 예고편https://youtu.be/Lr3N6B3Ylv4김종민TV 구독https://www.youtube.com/channel/UCqJAAEXFXZqlwfe-_pgQm7A?sub_confirmation=1박경미TV 구독https://www.youtube.com/channel/UCk4gACsvSKF9_A4-ZjRC6og?sub_confirmation=1미주한인유권자연대 후원하기http://kagc.us가셔서 한글 누르시고 맨밑에 있는 후원하기 누르고(facebook이 익숙한 분들은 페이스북에 korean american grassroots conference 페이지에 오셔서 진행되고있는 fundraiser에 하셔도 됩니다)그 남자의 쇼핑몰 - 딴지마켓http://market.ddanzi.com/index.php딴지방송국 구독https://www.youtube.com/channel/UCxvU6bRtYhNLvZleAIGa-FQ?sub_confirmation=1"
23-12-2019 21:58,"O00-rczLF9c","공포 공소시효 모아보기 2 [밍꼬발랄] 도어락 | 우리집에왜왔니 | 쌍둥이동생 | 의문의발","2019-12-22T00:00:00.000Z","UCCJkwrmhIqWkSFV-sQol4Qw","밍꼬발랄Mingggo","23","19.23.12","밍꼬발랄|밍꼬|꼬밍|발랄|모아보기|이어보기|정주행|꿀잼|공소시효|사건파일|사건|사연|재연|연기|현장|썰풀기|썰|에피소드|이야기|공감|소통|댓글요청|공포|코믹|되감기|사이다|공감이야기|재밌는이야기|웃긴이야기|무서운이야기|황당한이야기|오싹한이야기|투니버스|투니버스밍꼬발랄","227775","4472","262","1766","https://i.ytimg.com/vi/O00-rczLF9c/default.jpg","False","False","밍꼬발랄 오싹한 공포 공소시효 영상 정주행 2탄!!🦄매주 화,수,목,금 저녁6시 // 토,일 오전9시 업로드!!🦄구독👉 좋아요👍 댓글💬 가즈아~!!!**밍꼬발랄 코믹스 1권 구매 정보**[교보문고] http://www.kyobobook.co.kr/product/detailViewKor.laf?mallGb=KOR&ejkGb=KOR&barcode=9791188380558[YES24] http://www.yes24.com/Product/Goods/84928768[알라딘] https://www.aladin.co.kr/shop/wproduct.aspx?ItemId=221723147[인터파크 도서] http://book.interpark.com/event/EventFntTemPlate.do?_method=GenTemplate&sc.evtNo=231971#밍꼬발랄코믹스 #전국서점에있음 #베스트셀러가즈아"
23-12-2019 21:58,"3nCshGY3stw","2019년 12월 23일 월요일 생방송","2019-12-23T03:11:00.000Z","UCM8BcGB6BWKq3utIMhGKnUA","고성국TV","25","19.23.12","[none]","74691","9892","251","84","https://i.ytimg.com/vi/3nCshGY3stw/default.jpg","False","False","2019년 12월 23일 월요일 생방송-정론일침-채명성의 명쾌통쾌-이승복팀장 특별대담* 자율구독료:  490701-01-183911 국민(고성국)* 정기구독 계좌이체 신청: http://www.ihappynanum.com/Nanum/B/QLUJSFZ0MJ* ARS자동이체: 1877-1891**구독료는 좋은 방송을 만드는데 큰 도움이 됩니다. # 문의:  kosungkook.tv@gmail.com/ 010-6657-3010"
23-12-2019 21:58,"WcKW0n3vt4A","이걸 보고 자꾸 칸초가 먹고싶은 당신. 저랑 같은 타입이시군요 ㅣThe Secret Of A Dog Living Dangerously On The Roof For 3 Years","2019-12-22T08:00:04.000Z","UC22go5LdQEw-iDuxFb4C0hw","SBS TV동물농장x애니멀봐","15","19.23.12","애니멀봐|동물농장|TV동물농장|동물농장 애니멀봐|애니멀봐 동물농장|sbs animal farm|sbs animal eng sub|sbs animal show|sbs animal farm 2019|animals|animal farm|tv animal farm|tv animal farm korean eng sub|tv animal farm eng sub|동물영상|재미있는 동물영상|동물농장 칸초|동물농장 강아지|애니멀봐 강아지|애니멀봐 칸초|귀여운 강아지|지붕위 개|지붕위의 개|강아지 행동|난간위강아지|난간위 개|백구|귀여운 백구|강아지 애교|looftop dog|dog in the roof|dog live in rooftop|dog on roof|Roof dog|dog loves roof|dog|doggo|doggie|dog video","321546","7392","88","463","https://i.ytimg.com/vi/WcKW0n3vt4A/default.jpg","False","False","비가오나 눈이오나 하염없이 지붕 위에 있다는 개..돌아오지 않는 주인을 기다리는 슬픈 이야기...응 아니야#동물농장 #애니멀봐강아지 #지붕위의개-------------------------------------------------애니멀봐와 한배타고⛵☞ https://goo.gl/WL9mGy칸초같은 강아지 더 보기🐶☞ https://youtu.be/Hbjkhg4Gqg8아님 다른 동물 더 보고나서🐱☞ https://youtu.be/13JutCymznQ[애니멀봐]와 베프되기　페이스북: https://www.facebook.com/sbstvanimal　인스타그램: https://www.instagram.com/sbsanimal　트위터: https://twitter.com/sbsyang"
23-12-2019 21:58,"n1N5tYxKgHw","동심파괴극장 1탄 : 토끼와 거북이","2019-12-22T01:45:58.000Z","UCYACixxri8vQLQ6BSriQehw","코너Korner","23","19.23.12","동심파괴|동심파괴극장|동파극|토끼와 거북이|상황극","63048","1260","55","406","https://i.ytimg.com/vi/n1N5tYxKgHw/default.jpg","False","False","재밌게 보셨다면 구독과 좋아요 알람설정 부탁해요 :D동심파괴극장(동파극) 2탄은 어떤거로 해볼까요?ㅎㅎ"
23-12-2019 21:58,"B1Da-dhYrR0","2019년 12월 22일 (일) 뉴스룸 다시보기 - 북·미 긴장 속…김 위원장 국방력 강화","2019-12-22T11:42:29.000Z","UCsU-I-vHLiaMfV_ceaYz5rQ","JTBC News","25","19.23.12","JTBC|JTBC NEWS|뉴스|뉴스룸|손석희|newsroom|sohnsukhee|제이티비씨|제이티비씨 뉴스|ㅓ슟|제이티비시|제이티비시 뉴스|뉴스룸 다시보기|뉴스룸 풀영상|뉴스 다시보기|뉴스 풀영상|JTBC LIVE|광주 모텔 화재|모텔 방화범|북한 군사위|김정은|북한 ICBM|땅꺼짐|도로 제한속도|집값|한일 정상회담|문 대통령|아베|이세돌|선거법|민주당|한국당","71911","494","239","53","https://i.ytimg.com/vi/B1Da-dhYrR0/default.jpg","False","False","1. 북·미 긴장 속…김 위원장 국방력 강화북한이 정한 비핵화 협상의 연말 시한을 앞두고 북미 간 긴장이 높아지는 가운데 김정은 국무위원장이 노동당 중앙군사위원회 확대 회의를 열고 자위적 국방력 강화를 논의했습니다.2. 해외노동자 송환 '시한'…북에 미칠 파장은유엔 제재 조치로 외화벌이에 동원된 해외 노동자 10만명을 북한으로 돌려보내야 하는 시한이 오늘(22일)로 끝납니다. 이런 조치에 강력 반발하는 북한에 어떤 파장을 미칠지 잠시 뒤 짚어봅니다.3. 모텔에 새벽 방화…2명 사망, 31명 부상오늘 새벽 광주의 모텔에서 30대 투숙객이 불을 질러 지금까지 2명이 숨지고 31명이 다쳤습니다. 이 남성은 자신이 머물던 방에 불을 지른 뒤 가장 먼저 심지어 짐까지 챙겨 빠져나간 것으로 조사됐습니다.4. 서울 도로 시속 '50㎞' 제한…직접 달려보니앞으로 서울시내 모든 도로는 시속 50km, 특별 보호 지역은 시속 30km로 제한 속도가 내려갑니다. 교통사고를 줄이기 위한 건데 바뀐 제한속도로 직접 달려봤습니다.5. 수요 몰려 전셋값도 요동…정부 입장은?정부의 부동산 대책 이후 전세로 수요가 몰리면서 전셋값이 더 오를 수 있다는 우려가 나옵니다. 정부 입장은 어떤지 알아봤습니다.#북한_군사위 #광주모텔화재 #뉴스룸은__한걸음_더☞JTBC유튜브 구독하기 (https://bit.ly/2hYgWZg)☞JTBC유튜브 커뮤니티 (https://bit.ly/2LZIwke)#JTBC뉴스 공식 페이지 (홈페이지) http://news.jtbc.co.kr(APP) https://bit.ly/1r04W2D페이스북 https://www.facebook.com/jtbcnews트위터 https://twitter.com/JTBC_news인스타그램 https://www.instagram.com/jtbcnews☏ 제보하기 https://bit.ly/1krluzF 방송사 : JTBC (http://www.jtbc.co.kr)"
23-12-2019 21:58,"QGaEhVymYlw","'코리안 좀비' 정찬성, 에드가에 1R TKO승 / YTN","2019-12-22T03:31:20.000Z","UChlgI3UHCOnwUGzWzbJ3H5w","YTN NEWS","25","19.23.12","YTN|뉴스|스포츠","115097","295","28","84","https://i.ytimg.com/vi/QGaEhVymYlw/default.jpg","False","False","코리안 좀비 정찬성이 4년 만에 한국에서 열린 UFC 대회에서 미국의 에드가에 1라운드 TKO 승리를 거뒀습니다.정찬성은 부산 사직실내체육관에서 열린 종합격투기 대회 'UFC 파이트 나이트 부산' 메인 경기에서 에드가에게 1라운드 3분 18초 만에 화끈한 TKO 승리를 거뒀습니다.페더급 랭킹 6위로, 자신보다 랭킹이 두 계단 높은 에드가에 완승을 거둔 정찬성은 페더급 챔피언인 볼가노프스키를 원한다며 타이틀전 도전 의지를 내비쳤습니다.양시창[ysc08@ytn.co.kr]▶ 기사 원문 : https://www.ytn.co.kr/_ln/0107_201912221037565344▶ 제보 안내 : http://goo.gl/gEvsAL, 모바일앱, social@ytn.co.kr, #2424▣ YTN 유튜브 채널 구독 : http://goo.gl/Ytb5SZ더 나은 뉴스 콘텐츠 제공을 위한 일환으로 영상 미리보기 이미지(썸네일) 개선을 위한 설문을 진행합니다.여러분의 소중한 의견을 들려주세요. 감사합니다.※ 썸네일 설문 참여하기https://feedback.ytn.co.kr/?v=201912221037565344ⓒ YTN & YTN PLUS 무단 전재 및 재배포금지"
23-12-2019 21:58,"MfZ_yAZiOcw","뿌직은 시험 끝난 날 무얼 했을까!? ☃️ | tmi 대잔치 | 액괴 | 시리즈액괴 | 뿌직","2019-12-22T03:19:11.000Z","UCDW6-1BLKS3iGqa3jWZm1yw","뿌직PPUJIG","22","19.23.12","[none]","153662","6236","146","1731","https://i.ytimg.com/vi/MfZ_yAZiOcw/default.jpg","False","False","안녕하세요! 뿌링클여러분 ♡ 뿌직입니다 :)제가 시험 끝난 날 브이로그를 찍으려 했는데 결국 많이 못 찍어서이렇게 액괴 영상으로라도 준비해봤어요 🌛아이폰으로 촬영하고 갤럭시 폰으로 편집해서 그런지 화질이 많이 깨지네요 ㅠㅠ흑 진짜 너무 죄송해요 😭 액괴섞기 영상에서 다시 잘 보여드릴게요!!제 tmi 를 듣고 싶으신 분들을 (?) 위한 영상이니 편안히 봐주셨길 바라요 ☃️저와 함께 해주시는 뿌링클분들, 너무 감사드리고 사랑합니다 ❤❥구독과 좋아요 감사합니다!❥made by. 뿌직❥촬영-아이폰8❥편집-키네마스터❥폰트-소복소복❥음악-감자도리송        ( 뿌요님의 오르골커버 )https://youtu.be/i3hJtHkn1cY"
23-12-2019 21:58,"S1nYFL-aSms","[박시영의눈] 석패율제 싸움, 부동산 대책 그리고 나경원 잡기 2","2019-12-21T09:36:42.000Z","UCljnbFCt-4doBr7wtEIIbbw","김용민TV","25","19.23.12","김용민|김용민브리핑|데마시안|김엄마|나는꼼수다|관훈라이트|피하지방법원|히히히스토리|정치부심|카이로스|평화나무|박시영의눈|박시영|안진걸|오창석|석패율제|부동산 대책|대통령|지지율|정당|선거법|국회난입|부동산|비건|검찰수사|최성해|검찰|재판부|장관 차출설|박지원|나경원|나경원딸|나경원아들","158845","12387","172","572","https://i.ytimg.com/vi/S1nYFL-aSms/default.jpg","False","False","쇼핑은 김용민 닷컴 https://www.kimyongmin.com/shop김용민TV 11월 LIVE 편성표월요일 21시 : 관훈라이트클럽 (with 민동기, 정상근)화요일 21시 : 피하지방법원 (with 김남국, 소제인)수요일 21시 : 히히히스토리 (with 김준혁, 오윤혜)목요일 21시 : 정치부심 (with 황현희, 박원석, 김성회, 최민희)금요일 20시 : 박시영의 눈 홍대 벙커1교회 공개방송 (업로드 토요일)광고문의master@demasian.com1544-1871"
23-12-2019 21:58,"oi-YwLQHk_M","눈에 안 보이는 것들을 볼 수 있는 거울ㅋㅋㅋㅋㅋㅋㄹㅇ개신기함ㅋㅋ","2019-12-22T02:47:51.000Z","UCuPeQ50gyXAl_70p0UT7WAQ","공돌이 용달","27","19.23.12","슐리렌|거울|입냄새|실험|공돌이|용달","784724","9214","170","1781","https://i.ytimg.com/vi/oi-YwLQHk_M/default.jpg","False","False","실험 및 콘텐츠 제보 : http://bitly.kr/lHIYzyB인스타그램 : https://www.instagram.com/yyongdal/문의 메일 : yyongdal@geekble.kr이 장치의 이름을 '슐리렌 장치' 라고 합니다. 눈에는 보이지 않는 공기의 흐름이나 조성, 그리고 온도 또는 압력 차이를 볼 수 있죠.(이번 실험에서는 압력 차이에 대한 실험은 진행하지 않았습니다)(썸네일에서 냄새가 보인다고 한 것은 엄밀히 따지면 틀린 표현입니다. 정확히는 입김에서 나온 따뜻한 공기의 흐름을 보는 것입니다. 물론 냄새를 맡으면..  나겠죠..? 약간의 어그로를 위해 그랬습니다 죄송해요.)참고 자료[1] What, How and Why The Secrets of Schlieren Photography - Abominable & Co.[2] Seeing the Invisible : SLOW MOTION Schlieren Imaging - Veritasium[3] Schlieren - Wikipedia : https://en.wikipedia.org/wiki/Schlieren[4] Schlieren Optics - Harvard University : https://sciencedemonstrations.fas.harvard.edu/presentations/schlieren-optics[5] Schlieren Imaging : Seeing air in a whole new light! - Bryan Rolfe"
23-12-2019 21:58,"XVp9L6x0P34","여론조사 조작 딱 걸렸다! (진성호의 융단폭격)","2019-12-22T10:00:09.000Z","UC-ORGzN6c-OZyCw9YAYNjkA","진성호방송","22","19.23.12","진성호|진성호의 직설|진성호방송|진성호의 융단폭격|진성호TV","305105","31389","924","1324","https://i.ytimg.com/vi/XVp9L6x0P34/default.jpg","False","False","여론조사"
23-12-2019 21:58,"9dnEqXcZY-0","오로지 10대 청소년들만 존재하는 세상, 그런데..!","2019-12-19T09:08:24.000Z","UCBHXCaw_W6sxfgAB7rC-BYw","소개해주는 남자","1","19.23.12","소개해주는 남자|영화|영화 리뷰|미드|미드 리뷰|영화 줄거리요약|미드 줄거리요약|넷플릭스|원헌드레드|100","1053534","6009","415","441","https://i.ytimg.com/vi/9dnEqXcZY-0/default.jpg","False","False","미드 '원헌드레드' 스토리텔링 및 리뷰영상입니다."
23-12-2019 21:58,"PnJ6-3nAiUM","피오야 하지 마 옛날 거야~ 근데 갑.분.용볼 미션?! | 신서유기 7 tvNbros7 EP.9","2019-12-20T13:34:20.000Z","UC78PMQprrZTbU0IlMDsYZPw","tvN","24","19.23.12","신서유기|신서유기7|신서유기시즌7|tvN신서유기|tvN|티비엔|강호동|이수근|은지원|규현|송민호|피오","483983","3843","81","224","https://i.ytimg.com/vi/PnJ6-3nAiUM/default.jpg","False","False","리얼막장 모험활극 ＜신서유기7＞ 매주 금요일 밤 9시 10분 tvN#신서유기7 #신서유기 #용볼미션"
23-12-2019 21:58,"WtOLWOCzrro","(ENG SUB) 연말 송년회하면 역시, XX이지! 역대급 인파에 촬영 중단할 뻔한 2019 연말 최고의 핫플레이스 리뷰 l 와썹맨 ep.89 | god 박준형","2019-12-20T08:00:09.000Z","UCYgUhR7EGKauFXgJS0pckGg","와썹맨-Wassup Man","24","19.23.12","와썹맨|wassupman|스튜디오 룰루랄라|studio lululala|강남역|핫플레이스|연말|송년회|크리스마스|신년|망년회|모임|고깃집|썸|소개팅|종강|종강파티|보드게임|먹자골목|먹방|리뷰|review|mukbang|gangnam","610259","9814","208","992","https://i.ytimg.com/vi/WtOLWOCzrro/default.jpg","False","False","요오우~~벌써 이천십 구년도 얼마 안나마썹 그래서 오느른 숭년회인지 송년회인지 암튼 사람들 마니모인다고하는 강남역에 가따와썹~!! 나때는 강남역하면 타워레코드가 젤루유명햇는데 지금은다 업서졋지 차암나… 근대진짜 꼬맹쓰들 욜라뤼 만아가지고 날씨는추운데 분위기욜라뤼 핫한거 몬지알쥐?! 고기집골목 첨 가봤는데 소개팅쓰 하는 꼬맹쓰들도만나서 어색한 부니기 내가 풀어주고와찌 커플쓰되면 연락줘BBBAAMM!! 강남에 그르케 술찝마는지 몰랐눈데 다 엄청 재밌께 놀고이써서 나도 가치 머거밨는데 욜라뤼맵고 다들 술때매 혓바닥쓰가 이상해진거가터!!그리고 보더게임 방 처음가밨눈데 완져니 다른 세상쓰~~~기릿!! 내가 꼴찌쓰 해가지고 꼬맹쓰드리 팔목 떼렸지마는 나는 하나도 안아팠찌 빼애애애앰~!  이제진짜 올헤얼마안나마쓰니까 다들 칭구들 마니 만나고 재미께 놀믄 조캣쓰~~~꼬맹쓰들 Merry Christmas and Happy New Year~!! BBAAAMM!!!    #와썹맨 #wassupman #박준형 #강남역 #송년회 #핫플 #먹방 #god #JoonPark #mukbang [와썹맨] 1화 보러가기 ▶ http://bit.ly/2LvyvyV[와썹맨] 2017년 ver. [사서고생_왓써맨] ▶ http://bit.ly/2AjbsSG[스튜디오룰루랄라] 유튜브▶ https://www.youtube.com/studiolululala"
23-12-2019 21:58,"nAAu6vrh-R0","[유시민의 알릴레오 42회] 2019년 연말특집 언론X정치를 말할레오 - 1부 : 정연주 전 KBS 사장, 최경영 KBS 기자 / 2부 : 박주민 더불어민주당 의원","2019-12-20T11:00:14.000Z","UCJS9VvReVkplPwCIbxnbsjQ","사람사는세상노무현재단","25","19.23.12","노무현|노무현재단|유시민|정연주|박주민|최경영|KBS|기자|국회|정치|선거법|언론|자한당|민주당","605330","56215","824","1726","https://i.ytimg.com/vi/nAAu6vrh-R0/default.jpg","False","False","노무현재단은 후원회원 한분 한분이 보내주시는 소중한 후원금으로 운영됩니다. 여러분의 후원이 세상을 바꾸고, 대한민국의 미래를 만들어갑니다.　 ◎ 사람사는세상 노무현재단 공식 SNS홈페이지  http://www.knowhow.or.kr후원안내  1688-0523페이스북 https://www.facebook.com/rmoohyun인스타그램 https://www.instagram.com/rohmoohyunfoundation유튜브 https://www.youtube.com/c/사람사는세상노무현재단트위터 https://twitter.com/RohFoundation노무현사료관 http://archives.knowhow.or.kr"
23-12-2019 21:58,"_yEw3Vs7poA","도전! 5보 앞으로 || 123고! 도전의 웃긴 장난 및 민망한 상황들","2019-12-21T00:00:04.000Z","UCe1Tc1UnOT_G_e85El86cZA","123 GO! Challenge Korean","24","19.23.12","123 go 챌린지|123go 챌린지|챌린지|도전|123 go|123go|123go challenge korean|123 go challenge korean","150924","771","597","138","https://i.ytimg.com/vi/_yEw3Vs7poA/default.jpg","False","False","인생은 장애물로 가득하죠.하지만 그 장애물들에게 다른 방향으로 5보 움직이라고 말할 수 있다면 좋지 않을까요??오늘은 장애물에게 조금 돌아가라고 말하면서, 문제 해결에 대한 아이디어를넓히기 위해 상상력을 키워 볼 거예요.그리고 바라건대, 시작했을 때보다 더 많은 문제가 없길 바라요! 5보 도전을 시작해 봐요!실생활에서 이 5보 카드를 사용하고 싶으신가요? 아래 댓글로 이야기해 주세요👇그리고 이 재미있는 동영상을 친구들과 공유하는 걸 잊지 마세요! 가기 전에, 123고 챌린지 유튜브 채널을 꼭 구독해서, 이런 멋진 콘텐츠를 절대로 놓치지 않도록 하세요!#123고 #5보 #웃긴장난 #민망한순간들우리 체널을 구독하세요~~~123Go! Challenge: http://bit.ly/2VHJyqs밝은면 Bright Side Korea: https://bit.ly/2DcGBWb끄적끄적: https://bit.ly/2vt015H5분 Tricks: https://goo.gl/6eHzqB5MC 여성편: https://goo.gl/cREy5K5MC 어린이편: https://goo.gl/LLDVtq7초 수수께끼: https://goo.gl/8uVu6B속닥속닥: https://goo.gl/TzqL93음악 에피데믹 사운드 / Epidemic Sound  https://www.epidemicsound.com/사진, 영상 및 기타:https://www.depositphotos.comhttps://www.shutterstock.comhttps://www.eastnews.ru"
23-12-2019 21:58,"HfaTKPVVq3U","돌아온!! 여친옷놀리기모음!! 레전드의 탄생ㅋㅋ인간 초코송이,염땈,쌍쌍바ㅋㅋㅋ미친 싱크로율! Joking about your girlfriend's clothes!","2019-12-20T11:04:45.000Z","UCj-durTg1W7uWsB8oq0u7kA","엔조이커플enjoycouple","24","19.23.12","엔조이커플|enjoycouple|먹방|mukbang|kpop|민뚜|라라|커플|영상|동영상|레전드|웃긴|개그|웃음참기|유머|보물섬|더블비|대도서관|윰댕|조재원|김유이|급식왕|bts|exo|엑소|방탄소년단|쏘야쭝아|소근커플|성수커플|석준이가해|와썹맨|여친옷|염따|초코송이|옷놀리기","585186","15923","212","950","https://i.ytimg.com/vi/HfaTKPVVq3U/default.jpg","False","False","#여친옷 #헤각장 #염따엔조이커플 구독하기♡ - https://www.youtube.com/enjoycouple?sub_confirmation=1엔조이커플 인스타그램  enjoycouple instagram ▶https://www.instagram.com/enjoycouple/엔조이커플 페이스북  enjoycouple facebook▶https://www.facebook.com/enjoycouple손민수 Minddufacebook    ▶ https://www.facebook.com/mindduartinstagram ▶ https://www.instagram.com/mindduart/임라라  Limlalafacebook   ▶ https://www.facebook.com/limlalalandinstagram ▶https://www.instagram.com/limlalaland/"
23-12-2019 21:58,"uyTx6Kyi1Mw","레전드 드라마 [내 남자의 여자] Ep.12 마지막회 '편집자도 놀란 불륜의 최후' / 'My Husband's Woman' Review","2019-12-20T15:00:11.000Z","UCcOYEm78CpaZQvPE6LtoSeA","SBS NOW","24","19.23.12","SBS|Entertainment|레전드드라마|SBS드라마|DRAMA|Korea drama|내 남자의 여자|My Husband's Woman|Woman|김희애|김상중|배종옥|하유미|김병세|박지빈|불륜|사랑과전쟁|바람|막장드라마|불륜드라마|더원|사랑아|딕션|교양강좌|기싸움|김수현|김수현작가|교양|치정멜로|아내|살림|마트교양|감자|반찬투정|입맛|이혼","510359","4708","285","1658","https://i.ytimg.com/vi/uyTx6Kyi1Mw/default.jpg","False","False","[마지막 회] 편집자도 놀라버린 불륜의 최후^^'여러분 바람 피우지 마세요' 오늘부로 비혼 주의 만세~낙동강 오리알 신세 돼버림ㅋㅋ'내 남자의 여자'를 사랑해주셔서 감사합니다  (ʃƪ ˘ ³˘) #김희애 #김상중 #배종옥 #하유미▶ Subscribe NOW! SBS NOW!  https://bit.ly/2YRf9Kn▶ Homepage : https://programs.sbs.co.kr/drama/woman▶ Facebook: https://www.facebook.com/SBSdramaZip/▶ Instagram: https://www.instagram.com/sbsnow_insta/"
23-12-2019 21:58,"kAx3CwnbvlQ","[해외반응] UFC 부산, 코리안 좀비 정찬성, 에드가에 TKO승!","2019-12-21T19:23:46.000Z","UCWChazNpbbTMk1jCaRSwrvw","해외네티즌반응","25","19.23.12","해외|네티즌|반응|해외반응|UFC|MMA|Korean Zombie|정찬성|코리안좀비|에드가","183449","979","128","114","https://i.ytimg.com/vi/kAx3CwnbvlQ/default.jpg","False","False","☆ http://www.gasengi.com  (가생이닷컴 공식 제휴 채널)  ☆ 12월 21일 부산에서 열린 'UFC Fight Night' 메인경기인 페더급, 코리안 좀비 정찬성 vs 프랭키 에드가의  경기에서, 정찬성은 1라운드 3분 17초 만에 TKO승리를 거두었습니다.☆ 관련동영상보기https://youtu.be/XZiwHMTjAc0#해외반응 #해외네티즌반응"
23-12-2019 21:58,"CRTvU7uX08U","10가지 DIY 크리스마스 학용품","2019-12-21T09:00:05.000Z","UClSxH8KQdfytf2raNAByMiA","Troom Troom Kr","26","19.23.12","크리스마스|학교|학교 용품|크리스마스 스타일|재미있는 DIYs|학교 공예|크리스마스 공예|겨울|겨울 공예|멋진 크리스마스 학 용품|크리스마스 학교 공예품|크리스마스 아이디어|크리스마스 수제|크리스마스 준비|크리스마스 외부|크리스마스 학교 아이디어|DIY 크리스마스 학용품","83506","918","129","64","https://i.ytimg.com/vi/CRTvU7uX08U/default.jpg","False","False","구독하기 링크 WHOA: https://www.youtube.com/channel/UC5q-qf-17qPhmhtCoxlXChQ?sub_confirmation=1바람핀 남친 복수하기/물건 부수는 슬로 모션 장면: https://youtu.be/LDzFjOBkmnk17가지 DIY 크리스마스 꾸미기와 선물 아이디어: https://youtu.be/9R0wMOIuhOU?list=PLXLtqcQxuUNHaZz-62V6LEt7hccrBZlMF크리스마스가 다가와요. 준비를 하고 있나요 아니면 학교 때문에 시간이 없나요? 이럴때는 방법이 있어요! 지루한 수업에 크리스마스 분위기를 더해줄 크리스마스 학용품을 만나보세요!준비물과 도구:•                폼지•                가위•                글루건•                페인트 라이너•                아크릴 페인트•                비즈•                커터 칼•                라이트 줄•                크리스마스 카드 프린트•                카드보드•                글리터•                도시락 통•                마커•                펠트지•                테이프•                라이트 클레이•                크레용•                크레용 라벨 프린트•                공 모양 병•                비즈•                스팽글•                글리세린•                실리콘 틀•                양면 테이프•                글리터 테이프•                화이트 통•                와이어•                버클•                징글 벨•                선물 포장지•                캡•                스타벅스 라벨 프린트•                하얀 지우개•                빨대•                풀•                크리스마스 풀 라벨•                화분•                초록 스프레이 페인트•                바늘과 실•                종이 클립•                하얀 실•                폼폼•                폼폼 끈•                오래된 스카프•                노트•                펜•                벨크로Musiс:Hip Hop Christmas by Twin Musicom is licensed under a Creative Commons:By Attribution 4.0 License (https://creativecommons.org/licenses/by/4.0/).Artist: http://www.twinmusicom.org트룸트룸 동영상 더 보기: 인기 동영상:14 Weird Ways To Sneak Food Into Class / Back To School Pranks:  https://youtu.be/W5p2ndS34vA18 Funny Pranks! Prank Wars! https://youtu.be/yWazGzCNtJ411 DIY Edible Makeup Ideas/11 Funny Pranks:  https://youtu.be/kewz3hF63Xo17 Weird Ways To Sneak Makeup Into Class:  https://youtu.be/bvhBIsmzhwEGummy Food vs Real Food Challenge!  https://youtu.be/jBIG6GsQcq8인기 플레이리스트:Funny Pranks: https://www.youtube.com/playlist?list=PLy0LaulZe0vRyRDcwVaqbvnbSqhSQNtS-Back to School: https://www.youtube.com/playlist?list=PLy0LaulZe0vSzNLVwlQZVJszbLCsIwl_CLife Hacks: https://www.youtube.com/playlist?list=PLy0LaulZe0vSljAapkasaxsIKJp7I-7j0Beauty And Makeup Hacks: https://www.youtube.com/playlist?list=PLy0LaulZe0vSUQifjokDaw5m9aIgOQKt-Home Décor: https://www.youtube.com/playlist?list=PLy0LaulZe0vRWdxuF7xEwK_eJV2cZ8dt0트룸트룸 팔로우하기:구독 링크: https://www.youtube.com/channel/UClSxH8KQdfytf2raNAByMiA?sub_confirmation=1Instagram: https://www.instagram.com/troomtroom/Facebook: https://www.facebook.com/troomhandsPinterest: https://pinterest.com/troomtroom/Troom Troom English :구독 링크: https://www.youtube.com/channel/UCWwqHwqLSrdWMgp5DZG5Dzg?sub_confirmation=1Troom Troom Español: 구독 링크: https://www.youtube.com/channel/UCu6oyJJ6PlkeNNv6n26ZNyA?sub_confirmation=1Troom Troom Française:구독 링크: https://www.youtube.com/channel/UCyNeKmBHI10u4bwYEKimlZA?sub_confirmation=1Troom Troom Russian: 구독 링크: https://www.youtube.com/channel/UCq1JpGFxcZTbbOAz010U-og?sub_confirmation=1Troom Troom Deutsch:구독 링크:  https://www.youtube.com/channel/UCzgmxZIlgfH1fgch7OpigIA?sub_confirmation=1Troom Troom Chinese:구독 링크:  https://www.youtube.com/channel/UCV3NWBs2K7pOEGmI4w_2dhg?sub_confirmation=1Troom Troom Português:구독 링크:  https://www.youtube.com/channel/UCgCQlMYN2XypwYC2wcR32bA?sub_confirmation=1Troom Troom Japanese:구독 링크: https://www.youtube.com/channel/UCPCwT9JMWPjg6xAWrQxhQaw?sub_confirmation=1Troom Troom Hindi:구독 링크: https://www.youtube.com/channel/UCwP0n9or789Y33-JNNe-tlA?sub_confirmation=1트룸트룸이란: 따라 하기 쉬운 DIY 동영상 튜토리얼. DIY 액세서리, 메이크업 튜토리얼, 라이프 핵, 장난, 인테리어 소품 등등! 쉽게 만들어보세요!비즈니스 관련 문의는 여기로 주세요: troomtroomdiy@gmail.com오늘의 질문: 동영상의 어떤 부분이 제일 재밌었나요? 댓글에 남겨주세요!잊지 말고 알림 받기, 좋아요, & 구독 눌러주세요!"
23-12-2019 21:58,"tNr3a7iqwXw","!!심약자주의!! 촬영 중 겪었던 소름끼치는 공포...","2019-12-21T12:06:11.000Z","UCgm633UDZayRRxv4U5Y1DXA","불협화음","23","19.23.12","[none]","114455","3182","182","1655","https://i.ytimg.com/vi/tNr3a7iqwXw/default.jpg","False","False","그냥... 누군가의 장난이었길 바랍니다...진짜 소름끼쳐서 밖에 못나가겠어 ㅠ#참교육 #공포 #귀신불협화음 공식 페이스북: https://bit.ly/2JDd6CO불협화음 자율 구독료:www.불협화음.com불협화음 섭외&광고문의 : kjk930909@gmail.com"
23-12-2019 21:58,"HNrM7eJX-Yo","매우 현실적인 마인크래프트 - 겜브링(GGAMBRING)","2019-12-20T07:00:01.000Z","UCSOeJWyByeoBHpmrm0NnlLw","겜브링 GGAM BRING","20","19.23.12","병맛게임|겜브링|ggambring|sandbox network|샌드박스|갬블링|겜브링tv|마인크래프트|게임이 현실|게임이 현실이라면|minecraft|마크 실사판|마크","245299","3107","205","622","https://i.ytimg.com/vi/HNrM7eJX-Yo/default.jpg","False","False","#겜브링 #마인크래프트# 게임실화냐촬영 당일 레알로 굉장히 추웠습니다..【무료채널구독】 ► https://www.youtube.com/channel/UCSOeJWyByeoBHpmrm0NnlLw?sub_confirmation=1【팬아트 및 팬레터!】 ► ggambring@sandboxnetwork.net【인스타그램】 ► https://www.instagram.com/ggambringtv【겜브링TV 시즌4】 ►애니박스 | 매주 월요일 오후 5시!애니원 | 9월 26일 부터~ 매주 목요일 저녁 6시!챔프 | 9월 23일 부터~ 매주 월-화 저녁 7시!【겜브링TV 방영】 ►애니박스 겜브링TV 시즌 1~3 방송중애니박스 겜브링TV 블록대탐험 방송중애니맥스 겜브링TV 시즌1~2 방송중애니맥스 겜브링TV 블록어드벤처 시즌1 방송중"
23-12-2019 21:58,"-AZlYLXC3ek","[일차원적 그녀석 특별편] 오늘 당신의 하루가 너무 럭키하다면?","2019-12-21T01:00:00.000Z","UCcyXjAdiepuKgmJO2C2fEmA","환경부","29","19.23.12","에코백|환경부|환경정책|환경지킴이|방구커플|재능방송|재능방송tv|초관심|초관심드라마|일차원적그녀석|특별편|일차원적그녀석 특별편|환경드라마|웹드라마|웹드라마추천|웹드라마청소년|커플질투|커플드라마|웹드라마몰아보기|웹드라마특별편|방한경|이세종|구수진|버들버들|버들버들해|버들버들 드라마|버들버들노래","63617","1398","34","115","https://i.ytimg.com/vi/-AZlYLXC3ek/default.jpg","False","False","[일차원적 그녀석 특별편] 오늘 당신의 하루가 너무 럭키하다면?*특별편은 환경부 채널에서만 공개됩니다. 구독으로 환경부와 초관심을 응원해주세요!#방구커플 #일차원적그녀석 #운수좋은날한경과 달리 럭키한 일이 가득한 우리 곰이곰이즐거운 기분으로 서프라이즈를 준비한 수진은 한경의 전화로 수상한 여자의 전화를 받게 되는데!!!일차원적 그녀석 특별편! 환경 TIP1) 꽃다발을 선물할 때, 포장지 대신 에코백에 담아보세요. 예쁜 꽃은 꽃병에 선물받은 에코백은 다양한 소중한 물건을 담을 수 있어요."
23-12-2019 21:58,"SkHDzA_7YfA","[BANGTAN BOMB] Jimin's calligraphy skills - BTS (방탄소년단)","2019-12-21T08:00:02.000Z","UCLkAepWjdylmXSltofFvsYQ","BANGTANTV","10","19.23.12","방탄소년단|BTS|BANGTAN|HIPHOP|알엠|RM|슈가|SUGA|제이홉|jhope|지민|JIMIN|뷔|정국|JUNGKOOK|진|JIN","1662502","317416","827","17289","https://i.ytimg.com/vi/SkHDzA_7YfA/default.jpg","False","False","BTS Official Homepage http://bts.ibighit.comBTS Blog http://btsblog.ibighit.comBTS Facebook https://www.facebook.com/bangtan.official"
23-12-2019 21:58,"yrhwaSkBx1Y","[왜냐맨 긴급공지] 죄송합니다 여러분...","2019-12-21T05:00:14.000Z","UCYP2aGg8h_9JHqNQBHNKp7w","Loud G","20","19.23.12","라우드G|LoudG|김민아|왜냐맨|왜냐맨 시즌3|왜냐맨 19화|왜냐맨 김민아|김민아 왜냐맨|장민철|장민철 왜냐맨|왜냐맨 장민철|킹냐맨|어떤걸|왜냐맨3|왜냐맨 상담|시즌3|김민아 그랜절|김민아 세미그랜절","468534","7141","155","1730","https://i.ytimg.com/vi/yrhwaSkBx1Y/default.jpg","False","False","죄송합니다... 사과드립니다..원래는 금주 토요일에 민철이와 민아의 예를 찾기위한 에피소드가 준비되었으나..편집을 열심히 하던 중 편집용 하드가 죽어버렸습니다..😭민아의 세미 그랜절로 금주만 참아주시길 양해 부탁드리며 다음주에는 더욱 열심히 준비하여 왜냐맨 19화로 찾아뵙도록 하겠습니다 (_ _)😜매주 토요일 오후 2시!킹냐맨 시즌3가 여러분들 찾아갑니다.구독과 알림설정으로 놓치지 않고 왜냐맨3 보기!! 😁😁댓글 달아주면 가끔 민철이랑 민아가 댓글도 달아줌! (...아마도?)#왜냐맨 #어떤걸 #장민철 #김민아 #동갑내기과외하기👇 loudG 채널 구독하고 꿀잼 영상 먼저보기!😍https://www.youtube.com/channel/UCYP2aGg8h_9JHqNQBHNKp7w?sub_confirmation=1👀왜냐맨 모아보기👏👏https://www.youtube.com/watch?v=mkTzkFx-XjY&list=PLqlUleMK09pwLDP4WdxORzsaSR_2rQyX1"
23-12-2019 21:58,"BMW6BSRWm6c","루루 출생의 비밀! (크림뉴스)","2019-12-21T12:00:53.000Z","UCmLiSrat4HW2k07ahKEJo4w","크림히어로즈","15","19.23.12","고양이|장난감|cat|kitten|猫|ねこ|gato|kucing|Katze|chat|chatte|mãn|con mèo|кошка|kedi|gatto|katt|แมว|새끼 고양이|아기 고양이|크림히어로즈|디디|티티|코코|모모|루루|라라|츄츄|크리스마스|새해|출생|비밀|루멍이|christmas|newyears|birth|secret|hidden|doggy","602165","40582","288","2971","https://i.ytimg.com/vi/BMW6BSRWm6c/default.jpg","False","False","돌아온 크림뉴스!내년에도 다양한 이야기로 찾아뵐게요.* 인스타https://www.instagram.com/claire_luvcat/* 크림히어로즈 굿즈https://smartstore.naver.com/dundunmarket* 제휴문의creamheroes@luvcat.com"
23-12-2019 21:58,"7BVp95bmWJ8","청와대엔 칼바람, 자유한국당엔 봄바람...윤석열 검찰 '편파수사' 논란 분석","2019-12-20T13:30:12.000Z","UCugbqfMO94F9guLEb6Olb2A","HankyorehTV","25","19.23.12","한겨레|한겨레TV|Hankyoreh|HankyorehTV|korea|한국|대한민국|한겨레 라이브|Hankyoreh Live","153444","5878","521","691","https://i.ytimg.com/vi/7BVp95bmWJ8/default.jpg","False","False","윤석열 검찰의 ‘편파 수사’ 논란이 커지고 있습니다.  윤석열 검찰총장은 인사 청문회에서 정치적 중립, 공평한 수사를 약속했습니다. 하지만, 유재수 감찰무마 의혹, 김기현 측근 경찰수사 관련 의혹 수사 등 청와대와 경찰을 향해선 거침없이 칼을 휘두르는 반면, 자유한국당 관련 수사에선 적극적인 모습을 찾기 어렵습니다. ‘황교안 수사방해 의혹’, ‘나경원 딸 입시비리 의혹’, ‘패스트트랙 수사’ 등 제기되는 사건마다 주춤거리는 모양새입니다. 두 얼굴의 윤석열 검찰, 왜 청와대와 자유한국당에 다른 잣대를 들이대는 것처럼 보이는 걸까요. 법조와 정치 분야를 오래 취재하고 명칼럼을 많이 써오신 김이택 한겨레 논설위원과 함께 윤석열 검찰의 이중 행태 이유를 짚어봅니다. 자세한 내용, 지금 영상으로 확인하시죠.●제작기획 진행 손원제 기자 wonje@hani.co.kr출연 김이택 논설위원연출 촬영 조소영 피디 azuri@hani.co.kr  ●〈한겨레TV〉 유튜브 채널 구독하기 -https://goo.gl/vYg2yI● 한겨레 LIVE 미리보기 - http://bitly.kr/c8uVXR■ 한겨레 채널 모음▶ 인터넷한겨레: http://www.hani.co.kr▶ 한겨레TV: http://www.hanitv.com/▶ 한겨레TV 페이스북: https://www.facebook.com/hankyorehtv/▶ 한겨레신문 구독: https://goo.gl/MBKMLD▶ 영상과 취재 관련 제보: pd295@hani.co.kr#윤석열 #검찰개혁 #청와대 #황교안 #나경원 #편파수사 #자유한국당 #패스트트랙 #한겨레_라이브_화목_오후6시"
23-12-2019 21:58,"sNV6KJPSyqE","먹방 1등끼리 사귀면 안되는 이유!","2019-12-20T06:00:08.000Z","UCkG-Bpd44jV22xkAhzo0n9g","1등 미디어","20","19.23.12","웃찾사|문과1등|이과1등|이그젝틀리|이과젝틀리|김성기|신흥재|코미디|문과이과","217417","2767","236","625","https://i.ytimg.com/vi/sNV6KJPSyqE/default.jpg","False","False","동네에 먹을게 없다!!!먹방 1등끼리 사귀면 안되는 이유!!!"
23-12-2019 21:58,"SLWLbcdhem0","리버풀의 다음 상대는 레스터 시티입니다! [당신이 몰랐던 레스터 시티가 잘 나가는 이유] (공격편) | 체육볶음 경발라 Ep.03","2019-12-21T01:37:13.000Z","UCkFGfvN6AAhoBVSqju0CgmA","SPOTV 체육볶음","17","19.23.12","리버풀 전범기|레스터|레스터시티|레스터 맨시티|레스터 리버풀|리버풀 레스터|레스터 우승|제이미 바디|제임스 매디슨|탈압박 스페셜|탈압박 하이라이트|역습 하이라이트|역습 스페셜|언더독|유리 틸레망스|윌프레드 은디디|축구 스피드 스페셜|소윤쿠|쇠윈지|미드필더 스페셜|미드필더 하이라이트|에반스|히카르두 페헤이라|벤 칠웰|찰라르 쇠윈지|조니 에반스|카스퍼 슈마이켈|수비수 축구화|수비수 강좌|수비수 피파4|수비수 유망주|수비수 탈압박|레스터시티 우승|레스터시티 구단주|EPL 하이라이트|체육볶음|장지현 해설|해리 매과이어|최소 실점|브렌던 로저스|센터백 스페셜|풀백|풀백 스페셜|센터백 하이라이트|백태클|세트피스|세트피스 전술|미드필더 움직임|역습 전술","299049","3101","65","758","https://i.ytimg.com/vi/SLWLbcdhem0/default.jpg","False","False","#체육볶음 #경발라 #레스터시티 이번 주말부터 시작되는 박싱데이! 맨시티와 리버풀의 상대는 레스터!!!※ 이 영상 하나로 정리해드립니다! ※ (00:27 ~ 01:11) 브랜든 로저스 축구 성향 (01:12 ~ 03:21) 레스터식 티키타카(03:16 ~ 05:44) 레스터의 중원을 소개합니다! (틸레망스, 은디디, 반스, 프라트)(05:45 ~ 07:33) 제임스 매디슨 19/20 스페셜!(07:34 ~ 08:59) 제이미 바디 19/20 스페셜!(09:00 ~ ) 레스터의 또 다른 공격수들!수비편은 바로 이전 영상에 업로드되어 있습니다!!SPOTV표 황금레시피, 체육볶음!"
23-12-2019 21:58,"QtdEegharqI","'이세돌 은퇴대국' 쎈돌 이세돌 vs AI 한돌, 마지막 승부 풀영상 / SBS","2019-12-21T08:55:22.000Z","UCkinYTS9IHqOEwR1Sze2JTw","SBS 뉴스","25","19.23.12","[none]","308095","1642","152","190","https://i.ytimg.com/vi/QtdEegharqI/default.jpg","False","False","1승씩 올린 이세돌 9단과 한돌이 오늘(21일) 마지막 대국에서 진검승부를 겨뤘습니다.이세돌이 1국에서는 승리, 2국에서는 패배로 승부는 원점으로 돌아갔습니다. 이세돌과 한돌은 오늘 최종 3국에서 승부를 가렸습니다. 과연 결과는 어떻게 됐을까요? 83년 고향 신안에서 태어나 바둑을 시작한 이세돌은 신안에서 오늘 대국을 마지막으로 바둑 인생을 마감합니다. #SBS8뉴스 #SBS뉴스 #실시간 으로 만나 보세요라이브 뉴스 채널 SBS 모바일24※ 원활한 서비스 환경을 위해 LIVE 스트리밍 서버를 재부팅할 수 있습니다. 시청 중 '종료' 알림이 뜨더라도, 홈 화면 (https://www.youtube.com/sbs8news) 에서 곧 재개됩니다.▶SBS 뉴스 제보하기홈페이지: https://news.sbs.co.kr/news애플리케이션: 'SBS 뉴스' 앱 설치하고 제보카카오톡: 'sbs 뉴스'와 친구 맺고 채팅페이스북: 'sbs 뉴스' 검색해 메시지 전송이메일: sbs8news@sbs.co.kr 문자: #6000전화: 02-2113-6000▶SBS 뉴스 채널 구독하기 : https://n.sbs.co.kr/youtube ▶SBS 뉴스 라이브 : https://n.sbs.co.kr/live"
23-12-2019 21:58,"UYgFMc818Sc","[ENG sub] [썸바디2/에필로그] 소리♥재엽, 마음이 두근거리는 사랑 (♬Beautiful / Bazzi) 191220 EP.10","2019-12-20T13:33:25.000Z","UCepUWUpH45hRTi-QePdq1Bg","Mnet Official","24","19.23.12","Mnet|썸바디2|썸바디|한혜진|붐|김소리|이예나|최예림|윤혜수|박세영|장준혁|강정무|송재엽|이도윤|이우태","476596","10852","115","1905","https://i.ytimg.com/vi/UYgFMc818Sc/default.jpg","False","False","[에필로그] 소리♥재엽, 마음이 두근거리는 사랑춤 愛 빠진 댄서들의 짙은 사랑 ＜썸바디2＞설렘을 함께해주셔서 감사합니다♥------------------------------------------------------------------ ▶[썸바디2] 최신 클립 다시보기 : http://www.tving.com/smr/vod/player/P/C01_B120193755?from=youtube------------------------------------------------------------------ #Mnet#썸바디2#썸바디#한혜진#붐#김소리#이예나#최예림#윤혜수#박세영#장준혁#강정무#송재엽#이도윤#이우태"
23-12-2019 21:58,"m8QeJjkk-hQ","존버의 승리구나..ㄷㄷ 제희재열의 둘만의 야외 데이트","2019-12-21T11:00:14.000Z","UC9kUsuu1Giqa9V855EWa7-A","핫도그 스튜디오 [ HOTDOG STUDIO ]","24","19.23.12","핫도그스튜디오|스튜디오|핫도그|권기동|정재열|박현서|강제희","295800","4154","59","519","https://i.ytimg.com/vi/m8QeJjkk-hQ/default.jpg","False","False","드디어 제대로 데이트 보내줬습니다(feat. 3만원)"
23-12-2019 21:58,"8Pb4A-gegek","고생만하던 출연자들에게 큰 선물을 줬습니다 (감동주의) [밀실남녀 EP.57]","2019-12-20T12:00:01.000Z","UCz0f0QwCOqdm35MPnmm89hA","채널와우 CHANNEL WOW","24","19.23.12","[none]","169307","3164","46","312","https://i.ytimg.com/vi/8Pb4A-gegek/default.jpg","False","False","큰맘 먹고 밀실남녀 제작진은 크리스마스를 맞이하여출연자분들이 원하는 선물을 줘봤는데요 ^ㅡ^행복해하는 아이들을 보니 제가 다 뿌듯합니다 ^0^▶구독하기 https://goo.gl/ea6OY0▶FACEBOOK https://www.facebook.com/w0went/▶INSTAGRAM https://www.instagram.com/wowent.kr조재원 ☞ https://goo.gl/Ccp4oA김유이 ☞ https://goo.gl/PvPt5L푸들커플 ☞ http://reurl.kr/44E12FECSX헤일리 ☞ https://hoy.kr/OSFdL한스 ☞ https://bit.ly/2lXipSR"
23-12-2019 21:58,"QgLUCr3mqc0","[선택극장] 직장 동료가 준 로또가 1등이 돼 버렸습니다. 반띵 해달라는데 진짜 줘야 하나요?｜빨간토마토","2019-12-21T01:02:20.000Z","UCqeOY0kedIjM9cfuBes4BSQ","Red Tomato","1","19.23.12","빨간토마토|애니메이션|만화|토마토|빨토|상상극장|선택극장|복권|로또|신입사원로또|스타트업","95225","1835","59","319","https://i.ytimg.com/vi/QgLUCr3mqc0/default.jpg","False","False","✅ 빨토강의▶ http://bit.ly/redtomato-class ✅   빨토책  ▶ http://bit.ly/2V31Lkt ✅ 빨토구독▶ https://bit.ly/2Mp1uE9 📌사연제보 ▶ briojae1@gmail.com 📌  인스타   ▶ https://bit.ly/2LzkADb 📌페이스북 ▶https://bit.ly/2lYVTJo[영상일정] 💎수 : 오후 4시💎금 : 오후 4시💎토 : 오전 10시 #로또 # 로또당첨 #나도되고싶다"
23-12-2019 21:58,"ftr0RyuxVlc","ENG] 다시 찾아온 헬스장 몰카4 - [동네놈들]","2019-12-19T10:30:13.000Z","UCIuFnJrRwHEUcIVtozJnUGA","동네놈들","23","19.23.12","관찰|관찰카메라|실험|실험카메라|prank|prankcam|prankcamera|prankgag|prankgags|gag|gags|동네놈들|헬스|헬스장|웨이트|웨이트트레이닝|인기동영상|인기급상승동영상|재밌는영상|재밌는유튜버|웃긴영상|웃긴유튜버|역대급|레전드|리액션|장난|fun|funvideo|funny","991359","14282","881","1255","https://i.ytimg.com/vi/ftr0RyuxVlc/default.jpg","False","False","🔥 구독 & 좋아요 & 알림설정 Click?!?! oh yeah!!!! 🔥장소협찬 : MKGYM [경기도 고양시 일산동구 위시티1로 6-47 ,5F]특수분장 '유튜브 김둔둔'https://www.youtube.com/channel/UCmWaIFAnzdt5oBmqtdPQVLQ💥동네놈들 페이스북💥 https://www.facebook.com/videodnnd🤡 개그맨 안진호 🤡 https://www.instagram.com/_zin_ho_🤡 개그맨 최부기🤡 https://www.instagram.com/choi_boogie🤡 개그맨 정재형 🤡https://www.instagram.com/star.jjj#몰카 #몰래카메라 #동네놈들 #小区小家伙 #PRANK #health #weight training #GYM"
23-12-2019 21:58,"I5bmlF-T0v8","속속 집결하는 美 7함대","2019-12-20T10:46:42.000Z","UCIIpmDPVk7nzNHEUSHmvkUg","채널A 뉴스TOP10","25","19.23.12","대북|미국|정찰기","892080","15984","1341","1998","https://i.ytimg.com/vi/I5bmlF-T0v8/default.jpg","False","False","6일 만에 뜬 美 정찰기…北 '성탄 선물' 대비하나?'EP-3E' 美 해군 정찰기, 고도 7.6km 대북 정찰美 해군 정찰기 'EP-3E' 대북 정찰…SLBM 동향 감시?※자세한 내용은 뉴스TOP10에서 확인하실 수 있습니다.▷ 공식 홈페이지 http://www.ichannela.com▷ 공식 페이스북 https://www.facebook.com/channelanews▷ 공식 유튜브 https://www.youtube.com/tvchanews"
23-12-2019 21:58,"8Eb6JP16GE4","절대로 평범한 레몬먹방🍋(with 메구리) Casual Lemon Mukbang とても普通なレモンモッパン","2019-12-20T11:30:00.000Z","UCxO1kNtnTxNhhN_R4z4RkIQ","DICKHUNTER딕헌터🌶","23","19.23.12","딕헌터|DickHunter|먹방|MUKBANG|레몬|메구리|めぐり","1389470","20989","550","4508","https://i.ytimg.com/vi/8Eb6JP16GE4/default.jpg","False","False","일본의 유명 배우 메구리님을 만났습니다! 아주아주 평범하게 레몬을 먹어봤어요 정말 평범하게..언제나 감사드립니다. 좋아요&구독부탁드려요.●인스타그램: http://instagram.com/dick.ht●메일(Mail) : sleepshin@gmail.com편집 » DICK HUNTER 추가메모 » 1. 실제로는 메구리가 누나 였다. 몰랐음..2. 촬영할때 지켜보는 사람은 6명정도 있었다. 아쉽게도(?)영어 자막 있습니다 This video has English subtitles일본어 자막 있습니다. この動画には日本語の字幕が付いています。헌터는 다양한 언어 번역을 기다리고 있습니다Add Subtitle [ https://goo.gl/vuGowS ]"
23-12-2019 21:58,"6sy_J83vmr8","여긴 강에 건더기가 왜 이리 작아!!!🤬 역시 베어그릴스, 캐나다 자연을 뒤집어놓으셨다! [Man vs Wild]","2019-12-20T08:00:00.000Z","UCI6bxkc4WHwIHLis1Hg2jTw","디스커버리 채널 코리아 - Discovery Korea","24","19.23.12","Discovery Channel Korea|discovery|디스커버리|다큐멘터리|다큐|베어그릴스|Bear Grylls|디스커버리 채널|베어|베어 그릴스|Man vs Wild|man vs wild|manvswild|맨 vs 와일드|인간과 자연의 대결|인간대자연|낚시|물고기|물고기 먹방|생선|생선 먹방|연어|송어|숭어|회|물고기 사냥|사냥|야생|야생 먹방|자연|정글|정글 먹방|먹방|베어그릴스 먹방|먹방 모음|생존|생존 먹방|동물|동물농장|애니멀봐|곰|포식자|맹수|사자|호랑이|악어|상어|뱀|독사|정글의 법칙|자연인|나는 자연인이다|윽박|최고다 윽박|준아|우마|UMA|캐나다","746745","9862","215","1996","https://i.ytimg.com/vi/6sy_J83vmr8/default.jpg","False","False","즐거운 발견, Joy of Discovery!세상의 모든 즐거움을 ‘구독’ 클릭 한번으로 발견해 보세요! 구독하기: https://bit.ly/2VCbpqE캐나다 유콘에 상륙한 베어그릴스!물고기 사냥과 빙하, 폐광 탈출 기술을 선보입니다.*Original Series [Man vs Wild]----------------------------------------------------------------------------------------------디스커버리 채널은 KT올레TV 177, SK BTV 261, LGU+TV 194, 스카이 라이프 130, CJ헬로 210, 딜라이브 171, 티브로드 239번(케이블은 각 지역케이블 문의)에서 시청 가능합니다."
23-12-2019 21:58,"2FdwQHvfA1E","강아지가 드디어 말을 하기 시작했습니다. (진짜)","2019-12-20T07:51:55.000Z","UCeXxAet11DPbC8pG-lBOUTQ","아리둥절 Ari the Corgi","15","19.23.12","웰시코기|아리|아리둥절|말하는강아지|강아지","377930","10827","138","1146","https://i.ytimg.com/vi/2FdwQHvfA1E/default.jpg","False","False","아직 3일차라 서투르지만 하나둘 배워가고 있어용~▶웰시코기 아리 프로필성별: 공주님나이: 2016년생취미: -어려운 문제 해결 -24시간 집사 감시특징: -천재견이라 불림 (동물농장 천재코기 걔 맞음) -몸과 마음이 건강한 강아지 (전설의 분리행복견)별명: '아리'스토텔레스, 콩자반 등장래희망: 남의 집 개 (사람 조하)▶아리스타그램 ari_the_corgi   ▶비즈니스 문의 ari_corgi@sandbox.co.krTrack : The Walking CatMusic by 브금대통령 Music provided by 브금대통령Watch : https://youtu.be/tA-t_wpcqlE"
23-12-2019 21:58,"rMLli8Efe3s","EXO 엑소 'Obsession' Dance Practice","2019-12-20T14:00:09.000Z","UCzCedBCSSltI1TFd3bKyN6g","EXO","10","19.23.12","EXO|OBSESSION|Dance Practice|SUHO|BAEKHYUN|SEHUN|CHANYEOL|KAI|CHEN|엑소|옵세션|수호|백현|세훈|찬열|카이|첸","3154827","533004","1958","52544","https://i.ytimg.com/vi/rMLli8Efe3s/default.jpg","False","False","Thank you for your love and support to EXO's 'Obsession'!EXO 'Obsession' MV 🎥 https://youtu.be/uxmP4b2a0uYListen and download on your favorite platform: http://smarturl.it/EXO_OBSESSIONEXO Officialhttp://exo.smtown.comhttp://www.youtube.com/weareoneEXOhttp://www.facebook.com/weareoneEXOhttp://www.instagram.com/weareone.exohttp://twitter.com/weareoneEXO#EXO #엑소 #Obsession #DancePractice"
23-12-2019 21:58,"KLwq7vb2A4s","UFC Busan: Korean Zombie Octagon Interview","2019-12-21T13:03:40.000Z","UCvgfXK4nTYKudb0rFR6noLA","UFC - Ultimate Fighting Championship","17","19.23.12","ufc|busan|korean|zombie|octagon|interview|chan|sung|jung","503675","7028","215","1879","https://i.ytimg.com/vi/KLwq7vb2A4s/default.jpg","False","False","Check out what The Korean Zombie had to say after his UFC Busan, main event win!Subscribe to get all the latest UFC content: http://bit.ly/2uJRzRRExperience UFC live with UFC FIGHT PASS, the digital subscription service of the UFC. Visit https://ufcfightpass.com/To order UFC Pay-Per-Views, visit http://www.ufc.tv/events Connect with UFC online and on Social:Website: http://www.ufc.comTwitter: http://www.twitter.com/ufcFacebook: http://www.facebook.com/ufcInstagram: http://www.instagram.com/ufcSnapchat: UFCPeriscope: http://Periscope.tv/ufcConnect with UFC FIGHT PASS on Social:Twitter: http://www.twitter.com/ufcfightpassFacebook: http://www.facebook.com/ufcfightpassInstagram: http://www.instagram.com/ufcfightpass"
23-12-2019 21:58,"tC1gtvycNAo","[이춘근의 국제정치 122회] ② 🇰🇵북핵 위기 2.0","2019-12-20T13:12:06.000Z","UCbCjcJ2G5zqZ5TBeN6DriPQ","이춘근TV","25","19.23.12","이춘근TV|이춘근|이춘근의국제정치|국제정치|한반도문제|국제문제|국가안보|북핵문제|북핵위협|북미관계|한미동맹|한미관계|International|Politics|패권경쟁|패권전쟁|북핵위기|북한비핵화|평양선언|919평양선언|남북회담|남북정상회담|평양회담|가짜평화시대|평화의시대|진주만공습|진주만공격|제2의 진주만공격|서해위성발사장|동창리시험장|동창리발사장|동창리핵실험|동창리미사일실험|박정천 총참모장|Bush|Saddam Hussein|부시대통령 후세인|부시 최후통첩|brinkmanship|벼랑끝전술|벼랑끝외교|극단정책|Graham T. Allison 그래엄 앨리슨Thucydides|투키디데스|고대그리스 아데나이의 역사가|펠로폰네소스전쟁사|투키디데스 함정|Tuchididdes Trap|Stephen E. Biegun|스티브비건|비건 국무부차관|Mark Esper|마크에스퍼|찰스브라운 미 태평양공군사령관","172108","13538","250","304","https://i.ytimg.com/vi/tC1gtvycNAo/default.jpg","False","False","※ 2019.12.18 촬영하였습니다 ※♥ 후원안내 ♥ ※국내 후원 예금주: 이춘근 국제정치 아카데미　　　  　　100-033-303453 신한 ※해외 후원 PayPal 계정　　　　　https://www.paypal.me/lcktv※ 페이스북 : www.facebook.com/LCKTV※ 채널안내 : youtube.com/c/이춘근TV※ '구독'과 '알림'을 통해 많은 관심 부탁드려요!　 자주 업로드 될 수 있도록 노력하겠습니다　※ 관련없는 언쟁, 인신공격, 비속어, 　 링크 댓글, 도배성 글은 　 예고없이 삭제 또는 댓글차단합니다　※ 본 영상의 모든 저작권은 ‘이춘근TV’에 있습니다.　 무단으로 수정, 게시, 불펌을 금합니다."
23-12-2019 21:58,"-zhasIq8i7o","[문명특급 EP.89] 김이나도 고개를 내두른 숨듣명 1위곡ㅋㅋㅋㅋㅋㅋ 자꾸 발뺌 함ㅋㅋㅋㅋㅋ (feat.태연 아이유 샤이니 가인 etc)","2019-12-19T08:00:12.000Z","UCUyfkq9e9ZfPzxOW5WQ9rzQ","문명특급 - MMTG","24","19.23.12","문명특급|스브스뉴스|재재|SBS","833290","23299","161","1690","https://i.ytimg.com/vi/-zhasIq8i7o/default.jpg","False","False","드디어 숨듣명 고인물 김이나 작사가님이 나왔습니다!!🤑'대.다.나.다.너' 듣자마자 갑자기 부산스럽게 변명을 시작하시는 이나쌤,,😚곳간에서 나온 인심으로 한결 훈훈해진 현장 보러 가시죱🏃 #문명특급 #숨듣명 #김이나책임 프로듀서/하현종  프로듀서/정연  진행·구성/이은재  촬영/정상보 정훈  촬영보조/김종진  디자인·CG/김하경  조연출/김희연 김혜민 인턴  연출/홍민지"
23-12-2019 21:58,"nu3as_TPM28","[절대] 부셔지지 않는 액체를 바르면 생기는 일","2019-12-20T12:03:51.000Z","UCg_lS-XS9Fh9I6Rl56Z8fpg","최고다윽박","23","19.23.12","최고다윽박|자연인|바다|낚시|요리먹방|시골|아프리카TV|국민바보|eugbak|mukbang|자연의왕|밀림|동물|생존|윽짓거리|윽|윽튜브|윽박이|fun|funny|웃긴|실시간|영상|재미|코믹|comedy|윽박|Primitive|Culture|bushcraft|자연|벽돌|망치|오함마|공구|수박|계란|달걀|닭|친구|가족|엄마|신기한|신기|물질|물체|스프레이","397017","4719","315","833","https://i.ytimg.com/vi/nu3as_TPM28/default.jpg","False","False","안녕하세요 최고다윽박 입니다 !!!★자칭 자연의왕 이며 다방면 크리에이터로 활동 하고 있습니다업로드 시간: 매일 오후 8~10시 사이!!각종 SNS에 무단으로 영상 불펌은 하지 말아주시길 바랍니다.크리에이터의 창작물에 대한 저작권을 존중해주시길 간곡히 부탁드립니다.무단으로 불펌 시, 조치를 취하도록 하겠습니다. 감사합니다.광고,협찬, 문의 ipokid@naver.com인스타그램 ▼https://www.instagram.com/ipokid/"
23-12-2019 21:58,"QWww6Ek69Io","[골라봐야지][꿀잼]거의 울면서 카피추 편집했다네요↗  순수창작곡 장인의 美친매력♥ #아는형님 #JTBC봐야지","2019-12-19T10:59:16.000Z","UCF3UEVPt5zZTlBVJwDG317g","JTBC Voyage","24","19.23.12","JTBC|VOYAGE|봐야지|JTBC봐야지|골라봐야지|카피추|선릉역으로|카피|추대엽|펭수|피오|이승윤|메칸더|Choo Dae Youp|으르렁|달려라 하니|표절|논란|표절곡|입덕영상|유튜브인기|인기영상|꿀잼영상|꿀잼|sorry sorry|신동|Shin Dong|신동희|SM|엑소|EXO|으른이|편곡|싱어송라이터|인간극장|유병재|창작의 밤|표절제로|Yoo Byung jae|아기상어|정세운|Jeong Se woon|장성규|Jang Sung Kyu|상어가족|baby shark","1337537","17740","385","1338","https://i.ytimg.com/vi/QWww6Ek69Io/default.jpg","False","False","으른이~으른이~으른이~ 말하는데!어디서 많이 들어봤다? 싶은 노래 같으면서도순수 창작곡이라고 하니까 할 말이 없네..산에서 내려온 산남자, 카피추의 신비한 음악 사전♬들으면 들을수록 빠져든다…[JTBC봐야지] 구독하기☞ http://bitly.kr/VgFZ3"
23-12-2019 21:58,"-B3_Ev4ZhEc","2006년 아프카니스탄, 지뢰밭에 고립된 영국군의 실제 이야기 ㄷㄷ;;","2019-12-20T07:15:01.000Z","UCeLjgXOEQzQ_IfG94rF1_vw","김흥미","1","19.23.12","영화|고몽|리뷰엉이|달빛뮤즈|영화리뷰|하이라이트|비맨|김시선|필름에빠지다|필빠|캡틴라미|빡센TV|라이너컬쳐쇼|솜사탕|무비콕콕|장삐쭈|애니몬스터|오늘밤엔이영화|구구민|타코리뷰|홍시네마|케이티|티캐스트|조국|인기|영화추천|영화소개","104890","687","92","78","https://i.ytimg.com/vi/-B3_Ev4ZhEc/default.jpg","False","False","#킬로투브라보 #김흥미 #영화추천 #영화소개엔딩 곡 - Shackleton -Adam young          ★ 영화, 킬로 투 브라보 (2014) ★ 김흥미가 추천하는 오늘의 영화입니다.🚀세상에 흥미로운 영화를 만나다. 👀꾸준히 업로드 되는 영상을 받아보세요 ^.^*👇🏻https://www.youtube.com/channel/UCeLjgXOEQzQ_IfG94rF1_vw"
23-12-2019 21:58,"4AjK0zt6Lh4","민식이 부모의 거짓말로 인해..","2019-12-20T12:51:01.000Z","UCWZrtSsyPCEaMH4uSwdGrtw","성제준TV","22","19.23.12","성제준","209175","20510","744","1639","https://i.ytimg.com/vi/4AjK0zt6Lh4/default.jpg","False","False",""
23-12-2019 21:58,"neNCo5DeoTo","[토크멘터리 전쟁史] 182부 동아시아 전쟁사 조선의 비극 병자호란","2019-12-20T05:00:08.000Z","UCXNMgSZqmfX1_K8Uf4l4sog","국방TV","27","19.23.12","국방TV|토크멘터리|전쟁사|동아시아 전쟁사|조선|비극|병자호란|홍타이지|명나라|산해관|산서성|몽골|혼인 동맹|누르하치|만리장성|북경|후금군|원숭환 장군|몽골족|숭정제|위충현파|요동군|모문룡|속오군|영장제|임진왜란|오랑캐|척화론|인조 11년|정충신|징기즈칸|옥새|전쟁준비령","117258","2229","65","885","https://i.ytimg.com/vi/neNCo5DeoTo/default.jpg","False","False","홍타이지는 명나라를 공격하기 위해서 제3의 전략을 구상하고~산해관을 우회해서 산서성으로 내려오는 작전몽골과의 혼인 동맹 등으로 몽골을 흡수한 누르하치!몽골군의 도움으로 만리장성 돌파에 성공~!북경까지 진군한 후금군 하지만~~명나라에는 원숭환 장군이 있다후금군의 진격을 막아내는데 성공한 명나라원숭환의 조선을 잇는 작전으로다시 대두하는 조선의 중요성~!명나라의 중원을 장악하기 위해조선을 걱정한 후금후금을 막기 위한 조선의 전략을 낱낱히 파헤쳐 본다~!!"
23-12-2019 21:58,"AnVqAA9hYPc","[김광일의 입] KBS 공영노조 “몸통은 문 대통령이다”","2019-12-20T08:30:01.000Z","UCdp4_yTBhQmB8E339Lafzow","조선일보","19","19.23.12","조선일보|조선|언론|이슈|신문|방송|뉴스|정치","233844","21664","1532","696","https://i.ytimg.com/vi/AnVqAA9hYPc/default.jpg","False","False","청와대가 울산 시장 선거에 개입하고 심지어 사전 공작까지 했으며, 특정 후보를 매수하려고 시도했다는 의혹으로까지 확산되고 있다. 이런 상황에서 KBS 공영노조가 성명을 냈다. “KBS는 대통령의 선거 개입 증거를 즉각 보도하라”는 내용이다. 그중에 가장 압축적인 성명 내용은 “의혹의 몸통은 문재인 대통령”이라는 대목이다.‘하명 수사 및 선거 공작 의혹 사건’에서 지금까지 거론됐던 사람들은 깃털에 불과하고, 사실상 몸통은 문 대통령이라고 KBS 공영 노조가 적시한 것이다. 🔸 조선닷컴 공식 홈페이지 http://www.chosun.com🔸 조선일보 무료구독체험 : http://bit.ly/2WnNAF7🔸 조선비즈 공식 홈페이지 http://biz.chosun.com🔸 공식 페이스북 : https://www.facebook.com/chosun🔸 공식 트위터 : https://twitter.com/chosun◈ 사실에 대한 믿음, 할 말을 하는 용기. 조선일보◈#조선일보 #뉴스 #속보 #제보"
23-12-2019 21:58,"8j3scaJseoo","윤석열 큰일났네.. 여당 검찰특위 열받았다. 설훈 입 열어라, 윤석열","2019-12-20T04:30:00.000Z","UC1ihKJ6GH37xoWdtllZqhLw","팩트TV NEWS","25","19.23.12","팩트티비|팩트TV|대안방송|FACTTV|커널뉴스|시사|정치|뉴스|더불어민주당|자유한국당|바른미래당|민주평화당|국회|정의당","214543","11695","282","1216","https://i.ytimg.com/vi/8j3scaJseoo/default.jpg","False","False","2019년 12월 20일 더불어민주당 확대간부 회의에서 설훈 최고위원은 검찰이 빠른 수사를 위해 사건을 받아간지 몇달이 지났다.며,윤석열 검찰은 국민앞에 한 약속에 대해서 책임있는 답변을 내놓아야 할 것이다.라고 하였다. [영상 제보 받습니다] 진실언론 팩트TV가 독자 여러분의 소중한 제보를 받습니다. 뉴스 가치나 화제성이 있다고 판단되는 영상을 (facttvdesk@gmail.com)로 보내주시면  적극 반영하겠습니다.#팩트TV 정기후원회원이 되어주세요. ARS신청 1877-0411, 직접신청 https://goo.gl/1OjzfE공식후원계좌▶ 우리은행, 1002-142-508338 이상엽이 영상의 저작권은 팩트TV에 있습니다. 본 영상물은 공유 및 소스코드 배포에 한해 허용합니다. 그 외 임의적인 편집 및 가공은 영상출처를 밝힌다해도 본사의 허락없 이 사용할 경우 저작권법 위반에 해당합니다. 팩트TV http://facttv.kr촬영 : 배희옥편집 : 김민영"
